/*
Navicat MySQL Data Transfer

Source Server         : aliyun
Source Server Version : 50644
Source Host           : 39.105.136.112:3306
Source Database       : forum

Target Server Type    : MYSQL
Target Server Version : 50644
File Encoding         : 65001

Date: 2019-12-03 01:15:17
*/

SET FOREIGN_KEY_CHECKS=0;

-- ----------------------------
-- Table structure for admin
-- ----------------------------
DROP TABLE IF EXISTS `admin`;
CREATE TABLE `admin` (
  `id` bigint(10) NOT NULL AUTO_INCREMENT,
  `name` varchar(32) NOT NULL,
  `password` varchar(32) NOT NULL,
  PRIMARY KEY (`id`)
) ENGINE=InnoDB AUTO_INCREMENT=4 DEFAULT CHARSET=utf8;

-- ----------------------------
-- Records of admin
-- ----------------------------
INSERT INTO `admin` VALUES ('1', '管理员小强', 'admin');
INSERT INTO `admin` VALUES ('2', '校长', 'admin');
INSERT INTO `admin` VALUES ('3', '周树人', 'admin');

-- ----------------------------
-- Table structure for admin_opretor
-- ----------------------------
DROP TABLE IF EXISTS `admin_opretor`;
CREATE TABLE `admin_opretor` (
  `id` bigint(20) NOT NULL AUTO_INCREMENT,
  `admin_id` bigint(20) NOT NULL,
  `opretor` varchar(255) NOT NULL,
  PRIMARY KEY (`id`),
  KEY `fk_admin_id` (`admin_id`),
  CONSTRAINT `fk_admin_id` FOREIGN KEY (`admin_id`) REFERENCES `admin` (`id`)
) ENGINE=InnoDB DEFAULT CHARSET=utf8mb4;

-- ----------------------------
-- Records of admin_opretor
-- ----------------------------

-- ----------------------------
-- Table structure for article
-- ----------------------------
DROP TABLE IF EXISTS `article`;
CREATE TABLE `article` (
  `id` bigint(20) NOT NULL AUTO_INCREMENT,
  `title` varchar(32) NOT NULL,
  `author` bigint(20) NOT NULL,
  `created` datetime NOT NULL,
  `content` text NOT NULL,
  `type` int(5) NOT NULL COMMENT '1.数模文 2.技术文',
  `click` bigint(20) NOT NULL DEFAULT '0',
  `comment_count` int(10) NOT NULL DEFAULT '0',
  `alike` int(10) NOT NULL DEFAULT '0',
  `state` int(5) NOT NULL DEFAULT '1' COMMENT '1.审核通过 0.在审核 -1.审核不通过 2.回收站',
  `sort` double(20,0) NOT NULL DEFAULT '0',
  `state_date` datetime DEFAULT NULL COMMENT '更改状态的日期',
  `images` varchar(255) DEFAULT NULL,
  `istop` tinyint(1) NOT NULL DEFAULT '0' COMMENT '1.置顶 0.不置顶',
  PRIMARY KEY (`id`),
  KEY `index_created` (`created`) USING BTREE,
  KEY `fk_author` (`author`),
  KEY `index_type` (`type`) USING BTREE,
  KEY `index_title` (`title`),
  CONSTRAINT `fk_author` FOREIGN KEY (`author`) REFERENCES `user_detail` (`user_id`)
) ENGINE=InnoDB AUTO_INCREMENT=652 DEFAULT CHARSET=utf8;

-- ----------------------------
-- Records of article
-- ----------------------------
INSERT INTO `article` VALUES ('439', '技术1篇-1', '26', '2019-11-27 18:35:22', '这是技术第1篇。全球排名第1名的技术论文！！！', '2', '1', '0', '0', '1', '439', null, 'http://39.105.136.112/image/20191113114553.jpg', '0');
INSERT INTO `article` VALUES ('440', '技术2篇-2', '27', '2019-11-27 18:35:23', '这是技术第2篇。全球排名第2名的技术论文！！！', '2', '2', '0', '0', '1', '440', null, 'http://39.105.136.112/image/20191113114553.jpg', '0');
INSERT INTO `article` VALUES ('441', '技术3篇-3', '28', '2019-11-27 18:35:24', '这是技术第3篇。全球排名第3名的技术论文！！！', '2', '3', '0', '0', '1', '441', null, 'http://39.105.136.112/image/20191113114553.jpg', '0');
INSERT INTO `article` VALUES ('442', '技术4篇-4', '29', '2019-11-27 18:35:24', '这是技术第4篇。全球排名第4名的技术论文！！！', '2', '4', '0', '0', '1', '442', null, 'http://39.105.136.112/image/20191113114553.jpg', '0');
INSERT INTO `article` VALUES ('443', '技术5篇-5', '30', '2019-11-27 18:35:24', '这是技术第5篇。全球排名第5名的技术论文！！！', '2', '5', '0', '0', '1', '443', null, 'http://39.105.136.112/image/20191113114553.jpg', '0');
INSERT INTO `article` VALUES ('444', '技术6篇-6', '25', '2019-11-27 18:35:24', '这是技术第6篇。全球排名第6名的技术论文！！！', '2', '6', '0', '0', '1', '444', null, 'http://39.105.136.112/image/20191113114553.jpg', '0');
INSERT INTO `article` VALUES ('445', '技术7篇-7', '26', '2019-11-27 18:35:25', '这是技术第7篇。全球排名第7名的技术论文！！！', '2', '7', '0', '0', '1', '445', null, 'http://39.105.136.112/image/20191113114553.jpg', '0');
INSERT INTO `article` VALUES ('446', '技术8篇-8', '27', '2019-11-27 18:35:26', '这是技术第8篇。全球排名第8名的技术论文！！！', '2', '8', '0', '0', '1', '446', null, 'http://39.105.136.112/image/20191113114553.jpg', '0');
INSERT INTO `article` VALUES ('447', '技术9篇-9', '28', '2019-11-27 18:35:27', '这是技术第9篇。全球排名第9名的技术论文！！！', '2', '9', '0', '0', '1', '447', null, 'http://39.105.136.112/image/20191113114553.jpg', '0');
INSERT INTO `article` VALUES ('448', '技术10篇-10', '29', '2019-11-27 18:35:27', '这是技术第10篇。全球排名第10名的技术论文！！！', '2', '10', '0', '0', '1', '448', null, 'http://39.105.136.112/image/20191113114553.jpg', '0');
INSERT INTO `article` VALUES ('449', '技术11篇-11', '30', '2019-11-27 18:35:27', '这是技术第11篇。全球排名第11名的技术论文！！！', '2', '11', '0', '0', '1', '449', null, 'http://39.105.136.112/image/20191113114553.jpg', '0');
INSERT INTO `article` VALUES ('450', '技术12篇-12', '25', '2019-11-27 18:35:28', '这是技术第12篇。全球排名第12名的技术论文！！！', '2', '12', '0', '0', '1', '450', null, 'http://39.105.136.112/image/20191113114553.jpg', '0');
INSERT INTO `article` VALUES ('451', '技术13篇-13', '26', '2019-11-27 18:35:28', '这是技术第13篇。全球排名第13名的技术论文！！！', '2', '14', '0', '0', '1', '99999', null, 'http://39.105.136.112/image/20191113114553.jpg', '1');
INSERT INTO `article` VALUES ('452', '技术14篇-14', '27', '2019-11-27 18:35:29', '这是技术第14篇。全球排名第14名的技术论文！！！', '2', '14', '0', '0', '1', '452', null, 'http://39.105.136.112/image/20191113114553.jpg', '0');
INSERT INTO `article` VALUES ('453', '技术15篇-15', '28', '2019-11-27 18:35:31', '这是技术第15篇。全球排名第15名的技术论文！！！', '2', '15', '0', '0', '1', '453', null, 'http://39.105.136.112/image/20191113114553.jpg', '0');
INSERT INTO `article` VALUES ('454', '技术16篇-16', '29', '2019-11-27 18:35:32', '这是技术第16篇。全球排名第16名的技术论文！！！', '2', '16', '0', '0', '1', '454', null, 'http://39.105.136.112/image/20191113114553.jpg', '0');
INSERT INTO `article` VALUES ('455', '技术17篇-17', '30', '2019-11-27 18:35:32', '这是技术第17篇。全球排名第17名的技术论文！！！', '2', '17', '0', '0', '1', '455', null, 'http://39.105.136.112/image/20191113114553.jpg', '0');
INSERT INTO `article` VALUES ('456', '技术18篇-18', '25', '2019-11-27 18:35:33', '这是技术第18篇。全球排名第18名的技术论文！！！', '2', '18', '0', '0', '1', '456', null, 'http://39.105.136.112/image/20191113114553.jpg', '0');
INSERT INTO `article` VALUES ('457', '技术19篇-19', '26', '2019-11-27 18:35:34', '这是技术第19篇。全球排名第19名的技术论文！！！', '2', '19', '0', '0', '1', '457', null, 'http://39.105.136.112/image/20191113114553.jpg', '0');
INSERT INTO `article` VALUES ('458', '技术20篇-20', '27', '2019-11-27 18:35:36', '这是技术第20篇。全球排名第20名的技术论文！！！', '2', '36', '0', '0', '1', '458', null, 'http://39.105.136.112/image/20191113114553.jpg', '0');
INSERT INTO `article` VALUES ('459', '技术21篇-21', '28', '2019-11-27 18:35:37', '这是技术第21篇。全球排名第21名的技术论文！！！', '2', '21', '0', '0', '1', '459', null, 'http://39.105.136.112/image/20191113114553.jpg', '0');
INSERT INTO `article` VALUES ('460', '技术22篇-22', '29', '2019-11-27 18:35:38', '这是技术第22篇。全球排名第22名的技术论文！！！', '2', '22', '0', '0', '1', '460', null, 'http://39.105.136.112/image/20191113114553.jpg', '0');
INSERT INTO `article` VALUES ('461', '技术23篇-23', '30', '2019-11-27 18:35:39', '这是技术第23篇。全球排名第23名的技术论文！！！', '2', '23', '0', '0', '1', '461', null, 'http://39.105.136.112/image/20191113114553.jpg', '0');
INSERT INTO `article` VALUES ('462', '技术24篇-24', '25', '2019-11-27 18:35:39', '这是技术第24篇。全球排名第24名的技术论文！！！', '2', '24', '0', '0', '1', '462', null, 'http://39.105.136.112/image/20191113114553.jpg', '0');
INSERT INTO `article` VALUES ('463', '技术25篇-25', '26', '2019-11-27 18:35:40', '这是技术第25篇。全球排名第25名的技术论文！！！', '2', '25', '0', '0', '1', '463', null, 'http://39.105.136.112/image/20191113114553.jpg', '0');
INSERT INTO `article` VALUES ('464', '技术26篇-26', '27', '2019-11-27 18:35:41', '这是技术第26篇。全球排名第26名的技术论文！！！', '2', '26', '0', '0', '1', '464', null, 'http://39.105.136.112/image/20191113114553.jpg', '0');
INSERT INTO `article` VALUES ('465', '技术27篇-27', '28', '2019-11-27 18:35:41', '这是技术第27篇。全球排名第27名的技术论文！！！', '2', '27', '0', '0', '1', '465', null, 'http://39.105.136.112/image/20191113114553.jpg', '0');
INSERT INTO `article` VALUES ('466', '技术28篇-28', '29', '2019-11-27 18:35:41', '这是技术第28篇。全球排名第28名的技术论文！！！', '2', '28', '0', '0', '1', '466', null, 'http://39.105.136.112/image/20191113114553.jpg', '0');
INSERT INTO `article` VALUES ('467', '技术29篇-29', '30', '2019-11-27 18:35:42', '这是技术第29篇。全球排名第29名的技术论文！！！', '2', '29', '0', '0', '1', '467', null, 'http://39.105.136.112/image/20191113114553.jpg', '0');
INSERT INTO `article` VALUES ('468', '技术30篇-30', '25', '2019-11-27 18:35:42', '这是技术第30篇。全球排名第30名的技术论文！！！', '2', '30', '0', '0', '1', '468', null, 'http://39.105.136.112/image/20191113114553.jpg', '0');
INSERT INTO `article` VALUES ('469', '技术31篇-31', '26', '2019-11-27 18:35:43', '这是技术第31篇。全球排名第31名的技术论文！！！', '2', '31', '0', '0', '1', '469', null, 'http://39.105.136.112/image/20191113114553.jpg', '0');
INSERT INTO `article` VALUES ('470', '技术32篇-32', '27', '2019-11-27 18:35:43', '这是技术第32篇。全球排名第32名的技术论文！！！', '2', '37', '0', '0', '1', '470', null, 'http://39.105.136.112/image/20191113114553.jpg', '0');
INSERT INTO `article` VALUES ('471', '技术33篇-33', '28', '2019-11-27 18:35:43', '这是技术第33篇。全球排名第33名的技术论文！！！', '2', '33', '0', '0', '1', '471', null, 'http://39.105.136.112/image/20191113114553.jpg', '0');
INSERT INTO `article` VALUES ('472', '技术34篇-34', '29', '2019-11-27 18:35:43', '这是技术第34篇。全球排名第34名的技术论文！！！', '2', '34', '0', '0', '1', '472', null, 'http://39.105.136.112/image/20191113114553.jpg', '0');
INSERT INTO `article` VALUES ('473', '技术35篇-35', '30', '2019-11-27 18:35:43', '这是技术第35篇。全球排名第35名的技术论文！！！', '2', '35', '0', '0', '1', '473', null, 'http://39.105.136.112/image/20191113114553.jpg', '0');
INSERT INTO `article` VALUES ('474', '技术36篇-36', '25', '2019-11-27 18:35:44', '这是技术第36篇。全球排名第36名的技术论文！！！', '2', '36', '0', '0', '1', '474', null, 'http://39.105.136.112/image/20191113114553.jpg', '0');
INSERT INTO `article` VALUES ('475', '技术37篇-37', '26', '2019-11-27 18:35:44', '这是技术第37篇。全球排名第37名的技术论文！！！', '2', '37', '0', '0', '1', '475', null, 'http://39.105.136.112/image/20191113114553.jpg', '0');
INSERT INTO `article` VALUES ('476', '技术38篇-38', '27', '2019-11-27 18:35:44', '这是技术第38篇。全球排名第38名的技术论文！！！', '2', '38', '0', '0', '1', '476', null, 'http://39.105.136.112/image/20191113114553.jpg', '0');
INSERT INTO `article` VALUES ('477', '技术39篇-39', '28', '2019-11-27 18:35:44', '这是技术第39篇。全球排名第39名的技术论文！！！', '2', '39', '0', '0', '1', '477', null, 'http://39.105.136.112/image/20191113114553.jpg', '0');
INSERT INTO `article` VALUES ('478', '技术40篇-40', '29', '2019-11-27 18:35:45', '这是技术第40篇。全球排名第40名的技术论文！！！', '2', '40', '0', '0', '1', '478', null, 'http://39.105.136.112/image/20191113114553.jpg', '0');
INSERT INTO `article` VALUES ('479', '技术41篇-41', '30', '2019-11-27 18:35:45', '这是技术第41篇。全球排名第41名的技术论文！！！', '2', '41', '0', '0', '1', '479', null, 'http://39.105.136.112/image/20191113114553.jpg', '0');
INSERT INTO `article` VALUES ('480', '技术42篇-42', '25', '2019-11-27 18:35:45', '这是技术第42篇。全球排名第42名的技术论文！！！', '2', '42', '0', '0', '1', '480', null, 'http://39.105.136.112/image/20191113114553.jpg', '0');
INSERT INTO `article` VALUES ('481', '技术43篇-43', '26', '2019-11-27 18:35:45', '这是技术第43篇。全球排名第43名的技术论文！！！', '2', '80', '5', '1', '1', '99999', null, 'http://39.105.136.112/image/20191113114553.jpg', '1');
INSERT INTO `article` VALUES ('482', '技术44篇-44', '27', '2019-11-27 18:35:46', '这是技术第44篇。全球排名第44名的技术论文！！！', '2', '44', '0', '0', '1', '482', null, 'http://39.105.136.112/image/20191113114553.jpg', '0');
INSERT INTO `article` VALUES ('483', '技术45篇-45', '28', '2019-11-27 18:35:46', '这是技术第45篇。全球排名第45名的技术论文！！！', '2', '45', '0', '0', '1', '483', null, 'http://39.105.136.112/image/20191113114553.jpg', '0');
INSERT INTO `article` VALUES ('484', '技术46篇-46', '29', '2019-11-27 18:35:46', '这是技术第46篇。全球排名第46名的技术论文！！！', '2', '46', '0', '0', '1', '484', null, 'http://39.105.136.112/image/20191113114553.jpg', '0');
INSERT INTO `article` VALUES ('485', '技术47篇-47', '30', '2019-11-27 18:35:47', '这是技术第47篇。全球排名第47名的技术论文！！！', '2', '47', '0', '0', '1', '485', null, 'http://39.105.136.112/image/20191113114553.jpg', '0');
INSERT INTO `article` VALUES ('486', '技术48篇-48', '25', '2019-11-27 18:35:47', '这是技术第48篇。全球排名第48名的技术论文！！！', '2', '48', '0', '0', '1', '486', null, 'http://39.105.136.112/image/20191113114553.jpg', '0');
INSERT INTO `article` VALUES ('487', '技术49篇-49', '26', '2019-11-27 18:35:47', '这是技术第49篇。全球排名第49名的技术论文！！！', '2', '49', '0', '0', '1', '487', null, 'http://39.105.136.112/image/20191113114553.jpg', '0');
INSERT INTO `article` VALUES ('488', '技术50篇-50', '27', '2019-11-27 18:35:48', '这是技术第50篇。全球排名第50名的技术论文！！！', '2', '50', '0', '0', '1', '488', null, 'http://39.105.136.112/image/20191113114553.jpg', '0');
INSERT INTO `article` VALUES ('489', '技术51篇-51', '28', '2019-11-27 18:35:48', '这是技术第51篇。全球排名第51名的技术论文！！！', '2', '51', '0', '0', '1', '489', null, 'http://39.105.136.112/image/20191113114553.jpg', '0');
INSERT INTO `article` VALUES ('490', '技术52篇-52', '29', '2019-11-27 18:35:48', '这是技术第52篇。全球排名第52名的技术论文！！！', '2', '52', '0', '0', '1', '490', null, 'http://39.105.136.112/image/20191113114553.jpg', '0');
INSERT INTO `article` VALUES ('491', '技术53篇-53', '30', '2019-11-27 18:35:48', '这是技术第53篇。全球排名第53名的技术论文！！！', '2', '53', '0', '0', '1', '491', null, 'http://39.105.136.112/image/20191113114553.jpg', '0');
INSERT INTO `article` VALUES ('492', '技术54篇-54', '25', '2019-11-27 18:35:49', '这是技术第54篇。全球排名第54名的技术论文！！！', '2', '54', '0', '0', '1', '492', null, 'http://39.105.136.112/image/20191113114553.jpg', '0');
INSERT INTO `article` VALUES ('493', '技术55篇-55', '26', '2019-11-27 18:35:49', '这是技术第55篇。全球排名第55名的技术论文！！！', '2', '55', '0', '0', '1', '493', null, 'http://39.105.136.112/image/20191113114553.jpg', '0');
INSERT INTO `article` VALUES ('494', '技术56篇-56', '27', '2019-11-27 18:35:49', '这是技术第56篇。全球排名第56名的技术论文！！！', '2', '56', '0', '0', '1', '494', null, 'http://39.105.136.112/image/20191113114553.jpg', '0');
INSERT INTO `article` VALUES ('495', '技术57篇-57', '28', '2019-11-27 18:35:49', '这是技术第57篇。全球排名第57名的技术论文！！！', '2', '57', '0', '0', '1', '495', null, 'http://39.105.136.112/image/20191113114553.jpg', '0');
INSERT INTO `article` VALUES ('496', '技术58篇-58', '29', '2019-11-27 18:35:50', '这是技术第58篇。全球排名第58名的技术论文！！！', '2', '58', '0', '0', '1', '496', null, 'http://39.105.136.112/image/20191113114553.jpg', '0');
INSERT INTO `article` VALUES ('497', '技术59篇-59', '30', '2019-11-27 18:35:50', '这是技术第59篇。全球排名第59名的技术论文！！！', '2', '59', '0', '0', '1', '497', null, 'http://39.105.136.112/image/20191113114553.jpg', '0');
INSERT INTO `article` VALUES ('498', '技术60篇-60', '25', '2019-11-27 18:35:50', '这是技术第60篇。全球排名第60名的技术论文！！！', '2', '60', '0', '0', '1', '498', null, 'http://39.105.136.112/image/20191113114553.jpg', '0');
INSERT INTO `article` VALUES ('499', '技术61篇-61', '26', '2019-11-27 18:35:50', '这是技术第61篇。全球排名第61名的技术论文！！！', '2', '61', '0', '0', '1', '499', null, 'http://39.105.136.112/image/20191113114553.jpg', '0');
INSERT INTO `article` VALUES ('500', '技术62篇-62', '27', '2019-11-27 18:35:51', '这是技术第62篇。全球排名第62名的技术论文！！！', '2', '68', '0', '0', '1', '500', null, 'http://39.105.136.112/image/20191113114553.jpg', '0');
INSERT INTO `article` VALUES ('501', '技术63篇-63', '28', '2019-11-27 18:35:51', '这是技术第63篇。全球排名第63名的技术论文！！！', '2', '63', '0', '0', '1', '501', null, 'http://39.105.136.112/image/20191113114553.jpg', '0');
INSERT INTO `article` VALUES ('502', '技术64篇-64', '29', '2019-11-27 18:35:51', '这是技术第64篇。全球排名第64名的技术论文！！！', '2', '64', '0', '0', '1', '502', null, 'http://39.105.136.112/image/20191113114553.jpg', '0');
INSERT INTO `article` VALUES ('503', '技术65篇-65', '30', '2019-11-27 18:35:52', '这是技术第65篇。全球排名第65名的技术论文！！！', '2', '65', '0', '0', '1', '503', null, 'http://39.105.136.112/image/20191113114553.jpg', '0');
INSERT INTO `article` VALUES ('504', '技术66篇-66', '25', '2019-11-27 18:35:52', '这是技术第66篇。全球排名第66名的技术论文！！！', '2', '66', '0', '0', '1', '504', null, 'http://39.105.136.112/image/20191113114553.jpg', '0');
INSERT INTO `article` VALUES ('505', '技术67篇-67', '26', '2019-11-27 18:35:53', '这是技术第67篇。全球排名第67名的技术论文！！！', '2', '67', '0', '0', '1', '505', null, 'http://39.105.136.112/image/20191113114553.jpg', '0');
INSERT INTO `article` VALUES ('506', '技术68篇-68', '27', '2019-11-27 18:35:53', '这是技术第68篇。全球排名第68名的技术论文！！！', '2', '68', '0', '0', '1', '506', null, 'http://39.105.136.112/image/20191113114553.jpg', '0');
INSERT INTO `article` VALUES ('507', '技术69篇-69', '28', '2019-11-27 18:35:53', '这是技术第69篇。全球排名第69名的技术论文！！！', '2', '69', '0', '0', '1', '507', null, 'http://39.105.136.112/image/20191113114553.jpg', '0');
INSERT INTO `article` VALUES ('508', '技术70篇-70', '29', '2019-11-27 18:35:54', '这是技术第70篇。全球排名第70名的技术论文！！！', '2', '70', '0', '0', '1', '508', null, 'http://39.105.136.112/image/20191113114553.jpg', '0');
INSERT INTO `article` VALUES ('509', '技术71篇-71', '30', '2019-11-27 18:35:55', '这是技术第71篇。全球排名第71名的技术论文！！！', '2', '71', '0', '0', '1', '509', null, 'http://39.105.136.112/image/20191113114553.jpg', '0');
INSERT INTO `article` VALUES ('510', '技术72篇-72', '25', '2019-11-27 18:35:56', '这是技术第72篇。全球排名第72名的技术论文！！！', '2', '72', '0', '0', '1', '510', null, 'http://39.105.136.112/image/20191113114553.jpg', '0');
INSERT INTO `article` VALUES ('511', '技术73篇-73', '26', '2019-11-27 18:35:56', '这是技术第73篇。全球排名第73名的技术论文！！！', '2', '73', '0', '0', '1', '511', null, 'http://39.105.136.112/image/20191113114553.jpg', '0');
INSERT INTO `article` VALUES ('512', '技术74篇-74', '27', '2019-11-27 18:35:57', '这是技术第74篇。全球排名第74名的技术论文！！！', '2', '74', '0', '0', '1', '512', null, 'http://39.105.136.112/image/20191113114553.jpg', '0');
INSERT INTO `article` VALUES ('513', '技术75篇-75', '28', '2019-11-27 18:35:57', '这是技术第75篇。全球排名第75名的技术论文！！！', '2', '75', '0', '0', '1', '513', null, 'http://39.105.136.112/image/20191113114553.jpg', '0');
INSERT INTO `article` VALUES ('514', '技术76篇-76', '29', '2019-11-27 18:35:57', '这是技术第76篇。全球排名第76名的技术论文！！！', '2', '76', '0', '0', '1', '514', null, 'http://39.105.136.112/image/20191113114553.jpg', '0');
INSERT INTO `article` VALUES ('515', '技术77篇-77', '30', '2019-11-27 18:35:57', '这是技术第77篇。全球排名第77名的技术论文！！！', '2', '77', '0', '0', '1', '515', null, 'http://39.105.136.112/image/20191113114553.jpg', '0');
INSERT INTO `article` VALUES ('516', '技术78篇-78', '25', '2019-11-27 18:35:58', '这是技术第78篇。全球排名第78名的技术论文！！！', '2', '78', '0', '0', '1', '516', null, 'http://39.105.136.112/image/20191113114553.jpg', '0');
INSERT INTO `article` VALUES ('517', '技术79篇-79', '26', '2019-11-27 18:35:58', '这是技术第79篇。全球排名第79名的技术论文！！！', '2', '79', '0', '0', '1', '517', null, 'http://39.105.136.112/image/20191113114553.jpg', '0');
INSERT INTO `article` VALUES ('518', '技术80篇-80', '27', '2019-11-27 18:35:58', '这是技术第80篇。全球排名第80名的技术论文！！！', '2', '80', '0', '0', '1', '518', null, 'http://39.105.136.112/image/20191113114553.jpg', '0');
INSERT INTO `article` VALUES ('519', '技术81篇-81', '28', '2019-11-27 18:35:58', '这是技术第81篇。全球排名第81名的技术论文！！！', '2', '81', '0', '0', '1', '519', null, 'http://39.105.136.112/image/20191113114553.jpg', '0');
INSERT INTO `article` VALUES ('520', '技术82篇-82', '29', '2019-11-27 18:35:59', '这是技术第82篇。全球排名第82名的技术论文！！！', '2', '82', '0', '0', '1', '520', null, 'http://39.105.136.112/image/20191113114553.jpg', '0');
INSERT INTO `article` VALUES ('521', '技术83篇-83', '30', '2019-11-27 18:36:00', '这是技术第83篇。全球排名第83名的技术论文！！！', '2', '83', '0', '0', '1', '521', null, 'http://39.105.136.112/image/20191113114553.jpg', '0');
INSERT INTO `article` VALUES ('522', '技术84篇-84', '25', '2019-11-27 18:36:00', '这是技术第84篇。全球排名第84名的技术论文！！！', '2', '84', '0', '0', '1', '522', null, 'http://39.105.136.112/image/20191113114553.jpg', '0');
INSERT INTO `article` VALUES ('523', '技术85篇-85', '26', '2019-11-27 18:36:00', '这是技术第85篇。全球排名第85名的技术论文！！！', '2', '85', '0', '0', '1', '523', null, 'http://39.105.136.112/image/20191113114553.jpg', '0');
INSERT INTO `article` VALUES ('524', '技术86篇-86', '27', '2019-11-27 18:36:00', '这是技术第86篇。全球排名第86名的技术论文！！！', '2', '86', '0', '0', '1', '524', null, 'http://39.105.136.112/image/20191113114553.jpg', '0');
INSERT INTO `article` VALUES ('525', '技术87篇-87', '28', '2019-11-27 18:36:00', '这是技术第87篇。全球排名第87名的技术论文！！！', '2', '87', '0', '0', '1', '525', null, 'http://39.105.136.112/image/20191113114553.jpg', '0');
INSERT INTO `article` VALUES ('526', '技术88篇-88', '29', '2019-11-27 18:36:01', '这是技术第88篇。全球排名第88名的技术论文！！！', '2', '88', '0', '0', '1', '526', null, 'http://39.105.136.112/image/20191113114553.jpg', '0');
INSERT INTO `article` VALUES ('527', '技术89篇-89', '30', '2019-11-27 18:36:01', '这是技术第89篇。全球排名第89名的技术论文！！！', '2', '89', '0', '0', '1', '527', null, 'http://39.105.136.112/image/20191113114553.jpg', '0');
INSERT INTO `article` VALUES ('528', '技术90篇-90', '25', '2019-11-27 18:36:01', '这是技术第90篇。全球排名第90名的技术论文！！！', '2', '90', '0', '0', '1', '528', null, 'http://39.105.136.112/image/20191113114553.jpg', '0');
INSERT INTO `article` VALUES ('529', '技术91篇-91', '26', '2019-11-27 18:36:02', '这是技术第91篇。全球排名第91名的技术论文！！！', '2', '91', '0', '0', '1', '529', null, 'http://39.105.136.112/image/20191113114553.jpg', '0');
INSERT INTO `article` VALUES ('530', '技术92篇-92', '27', '2019-11-27 18:36:03', '这是技术第92篇。全球排名第92名的技术论文！！！', '2', '92', '0', '0', '1', '530', null, 'http://39.105.136.112/image/20191113114553.jpg', '0');
INSERT INTO `article` VALUES ('531', '技术93篇-93', '28', '2019-11-27 18:36:03', '这是技术第93篇。全球排名第93名的技术论文！！！', '2', '93', '0', '0', '1', '531', null, 'http://39.105.136.112/image/20191113114553.jpg', '0');
INSERT INTO `article` VALUES ('532', '技术94篇-94', '29', '2019-11-27 18:36:03', '这是技术第94篇。全球排名第94名的技术论文！！！', '2', '94', '0', '0', '1', '532', null, 'http://39.105.136.112/image/20191113114553.jpg', '0');
INSERT INTO `article` VALUES ('533', '技术95篇-95', '30', '2019-11-27 18:36:03', '这是技术第95篇。全球排名第95名的技术论文！！！', '2', '95', '0', '0', '1', '533', null, 'http://39.105.136.112/image/20191113114553.jpg', '0');
INSERT INTO `article` VALUES ('534', '技术96篇-96', '25', '2019-11-27 18:36:04', '这是技术第96篇。全球排名第96名的技术论文！！！', '2', '96', '0', '0', '1', '534', null, 'http://39.105.136.112/image/20191113114553.jpg', '0');
INSERT INTO `article` VALUES ('535', '技术97篇-97', '26', '2019-11-27 18:36:04', '这是技术第97篇。全球排名第97名的技术论文！！！', '2', '97', '0', '0', '1', '535', null, 'http://39.105.136.112/image/20191113114553.jpg', '0');
INSERT INTO `article` VALUES ('536', '技术98篇-98', '27', '2019-11-27 18:36:04', '这是技术第98篇。全球排名第98名的技术论文！！！', '2', '98', '0', '0', '1', '536', null, 'http://39.105.136.112/image/20191113114553.jpg', '0');
INSERT INTO `article` VALUES ('537', '技术99篇-99', '28', '2019-11-27 18:36:04', '这是技术第99篇。全球排名第99名的技术论文！！！', '2', '99', '0', '0', '1', '537', null, 'http://39.105.136.112/image/20191113114553.jpg', '0');
INSERT INTO `article` VALUES ('538', '数模1篇-1', '26', '2019-11-27 18:36:21', '这是数模第1篇。全球排名第1名的数模论文！！！', '1', '1', '0', '0', '1', '538', null, 'http://39.105.136.112/image/20191114121201.thumb.700_0.jpeg', '0');
INSERT INTO `article` VALUES ('539', '数模2篇-2', '27', '2019-11-27 18:36:21', '这是数模第2篇。全球排名第2名的数模论文！！！', '1', '2', '0', '0', '1', '539', null, 'http://39.105.136.112/image/20191114121201.thumb.700_0.jpeg', '0');
INSERT INTO `article` VALUES ('540', '数模3篇-3', '28', '2019-11-27 18:36:21', '这是数模第3篇。全球排名第3名的数模论文！！！', '1', '3', '0', '0', '1', '540', null, 'http://39.105.136.112/image/20191114121201.thumb.700_0.jpeg', '0');
INSERT INTO `article` VALUES ('541', '数模4篇-4', '29', '2019-11-27 18:36:22', '这是数模第4篇。全球排名第4名的数模论文！！！', '1', '4', '0', '0', '1', '541', null, 'http://39.105.136.112/image/20191114121201.thumb.700_0.jpeg', '0');
INSERT INTO `article` VALUES ('542', '数模5篇-5', '30', '2019-11-27 18:36:22', '这是数模第5篇。全球排名第5名的数模论文！！！', '1', '5', '0', '0', '1', '542', null, 'http://39.105.136.112/image/20191114121201.thumb.700_0.jpeg', '0');
INSERT INTO `article` VALUES ('543', '数模6篇-6', '25', '2019-11-27 18:36:23', '这是数模第6篇。全球排名第6名的数模论文！！！', '1', '6', '0', '0', '1', '543', null, 'http://39.105.136.112/image/20191114121201.thumb.700_0.jpeg', '0');
INSERT INTO `article` VALUES ('544', '数模7篇-7', '26', '2019-11-27 18:36:23', '这是数模第7篇。全球排名第7名的数模论文！！！', '1', '7', '0', '0', '1', '544', null, 'http://39.105.136.112/image/20191114121201.thumb.700_0.jpeg', '0');
INSERT INTO `article` VALUES ('545', '数模8篇-8', '27', '2019-11-27 18:36:24', '这是数模第8篇。全球排名第8名的数模论文！！！', '1', '8', '0', '0', '1', '545', null, 'http://39.105.136.112/image/20191114121201.thumb.700_0.jpeg', '0');
INSERT INTO `article` VALUES ('546', '数模9篇-9', '28', '2019-11-27 18:36:25', '这是数模第9篇。全球排名第9名的数模论文！！！', '1', '9', '0', '0', '1', '546', null, 'http://39.105.136.112/image/20191114121201.thumb.700_0.jpeg', '0');
INSERT INTO `article` VALUES ('547', '数模10篇-10', '29', '2019-11-27 18:36:25', '这是数模第10篇。全球排名第10名的数模论文！！！', '1', '10', '0', '0', '1', '547', null, 'http://39.105.136.112/image/20191114121201.thumb.700_0.jpeg', '0');
INSERT INTO `article` VALUES ('548', '数模11篇-11', '30', '2019-11-27 18:36:26', '这是数模第11篇。全球排名第11名的数模论文！！！', '1', '11', '0', '0', '1', '548', null, 'http://39.105.136.112/image/20191114121201.thumb.700_0.jpeg', '0');
INSERT INTO `article` VALUES ('549', '数模12篇-12', '25', '2019-11-27 18:36:26', '这是数模第12篇。全球排名第12名的数模论文！！！', '1', '12', '0', '0', '1', '549', null, 'http://39.105.136.112/image/20191114121201.thumb.700_0.jpeg', '0');
INSERT INTO `article` VALUES ('550', '数模13篇-13', '26', '2019-11-27 18:36:26', '这是数模第13篇。全球排名第13名的数模论文！！！', '1', '13', '0', '0', '1', '550', null, 'http://39.105.136.112/image/20191114121201.thumb.700_0.jpeg', '0');
INSERT INTO `article` VALUES ('551', '数模14篇-14', '27', '2019-11-27 18:36:27', '这是数模第14篇。全球排名第14名的数模论文！！！', '1', '14', '0', '0', '1', '551', null, 'http://39.105.136.112/image/20191114121201.thumb.700_0.jpeg', '0');
INSERT INTO `article` VALUES ('552', '数模15篇-15', '28', '2019-11-27 18:36:27', '这是数模第15篇。全球排名第15名的数模论文！！！', '1', '15', '0', '0', '1', '552', null, 'http://39.105.136.112/image/20191114121201.thumb.700_0.jpeg', '0');
INSERT INTO `article` VALUES ('553', '数模16篇-16', '29', '2019-11-27 18:36:28', '这是数模第16篇。全球排名第16名的数模论文！！！', '1', '16', '0', '0', '1', '553', null, 'http://39.105.136.112/image/20191114121201.thumb.700_0.jpeg', '0');
INSERT INTO `article` VALUES ('554', '数模17篇-17', '30', '2019-11-27 18:36:28', '这是数模第17篇。全球排名第17名的数模论文！！！', '1', '17', '0', '0', '1', '554', null, 'http://39.105.136.112/image/20191114121201.thumb.700_0.jpeg', '0');
INSERT INTO `article` VALUES ('555', '数模18篇-18', '25', '2019-11-27 18:36:28', '这是数模第18篇。全球排名第18名的数模论文！！！', '1', '18', '0', '0', '1', '555', null, 'http://39.105.136.112/image/20191114121201.thumb.700_0.jpeg', '0');
INSERT INTO `article` VALUES ('556', '数模19篇-19', '26', '2019-11-27 18:36:28', '这是数模第19篇。全球排名第19名的数模论文！！！', '1', '19', '0', '0', '1', '556', null, 'http://39.105.136.112/image/20191114121201.thumb.700_0.jpeg', '0');
INSERT INTO `article` VALUES ('557', '数模20篇-20', '27', '2019-11-27 18:36:29', '这是数模第20篇。全球排名第20名的数模论文！！！', '1', '20', '0', '0', '1', '557', null, 'http://39.105.136.112/image/20191114121201.thumb.700_0.jpeg', '0');
INSERT INTO `article` VALUES ('558', '数模21篇-21', '28', '2019-11-27 18:36:29', '这是数模第21篇。全球排名第21名的数模论文！！！', '1', '21', '0', '0', '1', '558', null, 'http://39.105.136.112/image/20191114121201.thumb.700_0.jpeg', '0');
INSERT INTO `article` VALUES ('559', '数模22篇-22', '29', '2019-11-27 18:36:29', '这是数模第22篇。全球排名第22名的数模论文！！！', '1', '22', '0', '0', '1', '559', null, 'http://39.105.136.112/image/20191114121201.thumb.700_0.jpeg', '0');
INSERT INTO `article` VALUES ('560', '数模23篇-23', '30', '2019-11-27 18:36:30', '这是数模第23篇。全球排名第23名的数模论文！！！', '1', '23', '0', '0', '1', '560', null, 'http://39.105.136.112/image/20191114121201.thumb.700_0.jpeg', '0');
INSERT INTO `article` VALUES ('561', '数模24篇-24', '25', '2019-11-27 18:36:30', '这是数模第24篇。全球排名第24名的数模论文！！！', '1', '24', '0', '0', '1', '561', null, 'http://39.105.136.112/image/20191114121201.thumb.700_0.jpeg', '0');
INSERT INTO `article` VALUES ('562', '数模25篇-25', '26', '2019-11-27 18:36:30', '这是数模第25篇。全球排名第25名的数模论文！！！', '1', '25', '0', '0', '1', '562', null, 'http://39.105.136.112/image/20191114121201.thumb.700_0.jpeg', '0');
INSERT INTO `article` VALUES ('563', '数模26篇-26', '27', '2019-11-27 18:36:31', '这是数模第26篇。全球排名第26名的数模论文！！！', '1', '28', '0', '0', '1', '563', null, 'http://39.105.136.112/image/20191114121201.thumb.700_0.jpeg', '0');
INSERT INTO `article` VALUES ('564', '数模27篇-27', '28', '2019-11-27 18:36:31', '这是数模第27篇。全球排名第27名的数模论文！！！', '1', '27', '0', '0', '1', '564', null, 'http://39.105.136.112/image/20191114121201.thumb.700_0.jpeg', '0');
INSERT INTO `article` VALUES ('565', '数模28篇-28', '29', '2019-11-27 18:36:31', '这是数模第28篇。全球排名第28名的数模论文！！！', '1', '46', '7', '0', '1', '99999', null, 'http://39.105.136.112/image/20191114121201.thumb.700_0.jpeg', '1');
INSERT INTO `article` VALUES ('566', '数模29篇-29', '30', '2019-11-27 18:36:31', '这是数模第29篇。全球排名第29名的数模论文！！！', '1', '29', '0', '0', '1', '566', null, 'http://39.105.136.112/image/20191114121201.thumb.700_0.jpeg', '0');
INSERT INTO `article` VALUES ('567', '数模30篇-30', '25', '2019-11-27 18:36:31', '这是数模第30篇。全球排名第30名的数模论文！！！', '1', '30', '0', '0', '1', '567', null, 'http://39.105.136.112/image/20191114121201.thumb.700_0.jpeg', '0');
INSERT INTO `article` VALUES ('568', '数模31篇-31', '26', '2019-11-27 18:36:32', '这是数模第31篇。全球排名第31名的数模论文！！！', '1', '31', '0', '0', '1', '568', null, 'http://39.105.136.112/image/20191114121201.thumb.700_0.jpeg', '0');
INSERT INTO `article` VALUES ('569', '数模32篇-32', '27', '2019-11-27 18:36:33', '这是数模第32篇。全球排名第32名的数模论文！！！', '1', '32', '0', '0', '1', '569', null, 'http://39.105.136.112/image/20191114121201.thumb.700_0.jpeg', '0');
INSERT INTO `article` VALUES ('570', '数模33篇-33', '28', '2019-11-27 18:36:33', '这是数模第33篇。全球排名第33名的数模论文！！！', '1', '33', '0', '0', '1', '570', null, 'http://39.105.136.112/image/20191114121201.thumb.700_0.jpeg', '0');
INSERT INTO `article` VALUES ('571', '数模34篇-34', '29', '2019-11-27 18:36:34', '这是数模第34篇。全球排名第34名的数模论文！！！', '1', '34', '0', '0', '1', '571', null, 'http://39.105.136.112/image/20191114121201.thumb.700_0.jpeg', '0');
INSERT INTO `article` VALUES ('572', '数模35篇-35', '30', '2019-11-27 18:36:34', '这是数模第35篇。全球排名第35名的数模论文！！！', '1', '35', '0', '0', '1', '572', null, 'http://39.105.136.112/image/20191114121201.thumb.700_0.jpeg', '0');
INSERT INTO `article` VALUES ('573', '数模36篇-36', '25', '2019-11-27 18:36:34', '这是数模第36篇。全球排名第36名的数模论文！！！', '1', '36', '0', '0', '1', '573', null, 'http://39.105.136.112/image/20191114121201.thumb.700_0.jpeg', '0');
INSERT INTO `article` VALUES ('574', '数模37篇-37', '26', '2019-11-27 18:36:34', '这是数模第37篇。全球排名第37名的数模论文！！！', '1', '37', '0', '0', '1', '574', null, 'http://39.105.136.112/image/20191114121201.thumb.700_0.jpeg', '0');
INSERT INTO `article` VALUES ('575', '数模38篇-38', '27', '2019-11-27 18:36:35', '这是数模第38篇。全球排名第38名的数模论文！！！', '1', '38', '0', '0', '1', '575', null, 'http://39.105.136.112/image/20191114121201.thumb.700_0.jpeg', '0');
INSERT INTO `article` VALUES ('576', '数模39篇-39', '28', '2019-11-27 18:36:35', '这是数模第39篇。全球排名第39名的数模论文！！！', '1', '39', '0', '0', '1', '576', null, 'http://39.105.136.112/image/20191114121201.thumb.700_0.jpeg', '0');
INSERT INTO `article` VALUES ('577', '数模40篇-40', '29', '2019-11-27 18:36:35', '这是数模第40篇。全球排名第40名的数模论文！！！', '1', '40', '0', '0', '1', '577', null, 'http://39.105.136.112/image/20191114121201.thumb.700_0.jpeg', '0');
INSERT INTO `article` VALUES ('578', '数模41篇-41', '30', '2019-11-27 18:36:36', '这是数模第41篇。全球排名第41名的数模论文！！！', '1', '41', '0', '0', '1', '578', null, 'http://39.105.136.112/image/20191114121201.thumb.700_0.jpeg', '0');
INSERT INTO `article` VALUES ('579', '数模42篇-42', '25', '2019-11-27 18:36:36', '这是数模第42篇。全球排名第42名的数模论文！！！', '1', '42', '0', '0', '1', '579', null, 'http://39.105.136.112/image/20191114121201.thumb.700_0.jpeg', '0');
INSERT INTO `article` VALUES ('580', '数模43篇-43', '26', '2019-11-27 18:36:36', '这是数模第43篇。全球排名第43名的数模论文！！！', '1', '43', '0', '0', '1', '580', null, 'http://39.105.136.112/image/20191114121201.thumb.700_0.jpeg', '0');
INSERT INTO `article` VALUES ('581', '数模44篇-44', '27', '2019-11-27 18:36:36', '这是数模第44篇。全球排名第44名的数模论文！！！', '1', '44', '0', '0', '1', '581', null, 'http://39.105.136.112/image/20191114121201.thumb.700_0.jpeg', '0');
INSERT INTO `article` VALUES ('582', '数模45篇-45', '28', '2019-11-27 18:36:37', '这是数模第45篇。全球排名第45名的数模论文！！！', '1', '45', '0', '0', '1', '582', null, 'http://39.105.136.112/image/20191114121201.thumb.700_0.jpeg', '0');
INSERT INTO `article` VALUES ('583', '数模46篇-46', '29', '2019-11-27 18:36:37', '这是数模第46篇。全球排名第46名的数模论文！！！', '1', '46', '0', '0', '1', '583', null, 'http://39.105.136.112/image/20191114121201.thumb.700_0.jpeg', '0');
INSERT INTO `article` VALUES ('584', '数模47篇-47', '30', '2019-11-27 18:36:38', '这是数模第47篇。全球排名第47名的数模论文！！！', '1', '47', '0', '0', '1', '584', null, 'http://39.105.136.112/image/20191114121201.thumb.700_0.jpeg', '0');
INSERT INTO `article` VALUES ('585', '数模48篇-48', '25', '2019-11-27 18:36:38', '这是数模第48篇。全球排名第48名的数模论文！！！', '1', '48', '0', '0', '1', '585', null, 'http://39.105.136.112/image/20191114121201.thumb.700_0.jpeg', '0');
INSERT INTO `article` VALUES ('586', '数模49篇-49', '26', '2019-11-27 18:36:38', '这是数模第49篇。全球排名第49名的数模论文！！！', '1', '49', '0', '0', '1', '586', null, 'http://39.105.136.112/image/20191114121201.thumb.700_0.jpeg', '0');
INSERT INTO `article` VALUES ('587', '数模50篇-50', '27', '2019-11-27 18:36:38', '这是数模第50篇。全球排名第50名的数模论文！！！', '1', '50', '0', '0', '1', '587', null, 'http://39.105.136.112/image/20191114121201.thumb.700_0.jpeg', '0');
INSERT INTO `article` VALUES ('588', '数模51篇-51', '28', '2019-11-27 18:36:39', '这是数模第51篇。全球排名第51名的数模论文！！！', '1', '51', '0', '0', '1', '588', null, 'http://39.105.136.112/image/20191114121201.thumb.700_0.jpeg', '0');
INSERT INTO `article` VALUES ('589', '数模52篇-52', '29', '2019-11-27 18:36:39', '这是数模第52篇。全球排名第52名的数模论文！！！', '1', '52', '0', '0', '1', '589', null, 'http://39.105.136.112/image/20191114121201.thumb.700_0.jpeg', '0');
INSERT INTO `article` VALUES ('590', '数模53篇-53', '30', '2019-11-27 18:36:39', '这是数模第53篇。全球排名第53名的数模论文！！！', '1', '53', '0', '0', '1', '590', null, 'http://39.105.136.112/image/20191114121201.thumb.700_0.jpeg', '0');
INSERT INTO `article` VALUES ('591', '数模54篇-54', '25', '2019-11-27 18:36:40', '这是数模第54篇。全球排名第54名的数模论文！！！', '1', '54', '0', '0', '1', '591', null, 'http://39.105.136.112/image/20191114121201.thumb.700_0.jpeg', '0');
INSERT INTO `article` VALUES ('592', '数模55篇-55', '26', '2019-11-27 18:36:40', '这是数模第55篇。全球排名第55名的数模论文！！！', '1', '55', '0', '0', '1', '592', null, 'http://39.105.136.112/image/20191114121201.thumb.700_0.jpeg', '0');
INSERT INTO `article` VALUES ('593', '数模56篇-56', '27', '2019-11-27 18:36:41', '这是数模第56篇。全球排名第56名的数模论文！！！', '1', '56', '0', '0', '1', '593', null, 'http://39.105.136.112/image/20191114121201.thumb.700_0.jpeg', '0');
INSERT INTO `article` VALUES ('594', '数模57篇-57', '28', '2019-11-27 18:36:41', '这是数模第57篇。全球排名第57名的数模论文！！！', '1', '57', '0', '0', '1', '594', null, 'http://39.105.136.112/image/20191114121201.thumb.700_0.jpeg', '0');
INSERT INTO `article` VALUES ('595', '数模58篇-58', '29', '2019-11-27 18:36:41', '这是数模第58篇。全球排名第58名的数模论文！！！', '1', '58', '0', '0', '1', '595', null, 'http://39.105.136.112/image/20191114121201.thumb.700_0.jpeg', '0');
INSERT INTO `article` VALUES ('596', '数模59篇-59', '30', '2019-11-27 18:36:42', '这是数模第59篇。全球排名第59名的数模论文！！！', '1', '59', '0', '0', '1', '596', null, 'http://39.105.136.112/image/20191114121201.thumb.700_0.jpeg', '0');
INSERT INTO `article` VALUES ('597', '数模60篇-60', '25', '2019-11-27 18:36:42', '这是数模第60篇。全球排名第60名的数模论文！！！', '1', '60', '0', '0', '1', '597', null, 'http://39.105.136.112/image/20191114121201.thumb.700_0.jpeg', '0');
INSERT INTO `article` VALUES ('598', '数模61篇-61', '26', '2019-11-27 18:36:43', '这是数模第61篇。全球排名第61名的数模论文！！！', '1', '61', '0', '0', '1', '598', null, 'http://39.105.136.112/image/20191114121201.thumb.700_0.jpeg', '0');
INSERT INTO `article` VALUES ('599', '数模62篇-62', '27', '2019-11-27 18:36:43', '这是数模第62篇。全球排名第62名的数模论文！！！', '1', '62', '0', '0', '1', '599', null, 'http://39.105.136.112/image/20191114121201.thumb.700_0.jpeg', '0');
INSERT INTO `article` VALUES ('600', '数模63篇-63', '28', '2019-11-27 18:36:43', '这是数模第63篇。全球排名第63名的数模论文！！！', '1', '66', '0', '0', '1', '600', null, 'http://39.105.136.112/image/20191114121201.thumb.700_0.jpeg', '0');
INSERT INTO `article` VALUES ('601', '数模64篇-64', '29', '2019-11-27 18:36:44', '这是数模第64篇。全球排名第64名的数模论文！！！', '1', '64', '0', '0', '1', '601', null, 'http://39.105.136.112/image/20191114121201.thumb.700_0.jpeg', '0');
INSERT INTO `article` VALUES ('602', '数模65篇-65', '30', '2019-11-27 18:36:44', '这是数模第65篇。全球排名第65名的数模论文！！！', '1', '65', '0', '0', '1', '602', null, 'http://39.105.136.112/image/20191114121201.thumb.700_0.jpeg', '0');
INSERT INTO `article` VALUES ('603', '数模66篇-66', '25', '2019-11-27 18:36:44', '这是数模第66篇。全球排名第66名的数模论文！！！', '1', '66', '0', '0', '1', '603', null, 'http://39.105.136.112/image/20191114121201.thumb.700_0.jpeg', '0');
INSERT INTO `article` VALUES ('604', '数模67篇-67', '26', '2019-11-27 18:36:44', '这是数模第67篇。全球排名第67名的数模论文！！！', '1', '67', '0', '0', '1', '604', null, 'http://39.105.136.112/image/20191114121201.thumb.700_0.jpeg', '0');
INSERT INTO `article` VALUES ('605', '数模68篇-68', '27', '2019-11-27 18:36:44', '这是数模第68篇。全球排名第68名的数模论文！！！', '1', '68', '0', '0', '1', '605', null, 'http://39.105.136.112/image/20191114121201.thumb.700_0.jpeg', '0');
INSERT INTO `article` VALUES ('606', '数模69篇-69', '28', '2019-11-27 18:36:45', '这是数模第69篇。全球排名第69名的数模论文！！！', '1', '69', '0', '0', '1', '606', null, 'http://39.105.136.112/image/20191114121201.thumb.700_0.jpeg', '0');
INSERT INTO `article` VALUES ('607', '数模70篇-70', '29', '2019-11-27 18:36:45', '这是数模第70篇。全球排名第70名的数模论文！！！', '1', '70', '0', '0', '1', '607', null, 'http://39.105.136.112/image/20191114121201.thumb.700_0.jpeg', '0');
INSERT INTO `article` VALUES ('608', '数模71篇-71', '30', '2019-11-27 18:36:45', '这是数模第71篇。全球排名第71名的数模论文！！！', '1', '71', '0', '0', '1', '608', null, 'http://39.105.136.112/image/20191114121201.thumb.700_0.jpeg', '0');
INSERT INTO `article` VALUES ('609', '数模72篇-72', '25', '2019-11-27 18:36:46', '这是数模第72篇。全球排名第72名的数模论文！！！', '1', '72', '0', '0', '1', '609', null, 'http://39.105.136.112/image/20191114121201.thumb.700_0.jpeg', '0');
INSERT INTO `article` VALUES ('610', '数模73篇-73', '26', '2019-11-27 18:36:46', '这是数模第73篇。全球排名第73名的数模论文！！！', '1', '73', '0', '0', '1', '610', null, 'http://39.105.136.112/image/20191114121201.thumb.700_0.jpeg', '0');
INSERT INTO `article` VALUES ('611', '数模74篇-74', '27', '2019-11-27 18:36:46', '这是数模第74篇。全球排名第74名的数模论文！！！', '1', '74', '0', '0', '1', '611', null, 'http://39.105.136.112/image/20191114121201.thumb.700_0.jpeg', '0');
INSERT INTO `article` VALUES ('612', '数模75篇-75', '28', '2019-11-27 18:36:46', '这是数模第75篇。全球排名第75名的数模论文！！！', '1', '75', '0', '0', '1', '612', null, 'http://39.105.136.112/image/20191114121201.thumb.700_0.jpeg', '0');
INSERT INTO `article` VALUES ('613', '数模76篇-76', '29', '2019-11-27 18:36:47', '这是数模第76篇。全球排名第76名的数模论文！！！', '1', '76', '0', '0', '1', '613', null, 'http://39.105.136.112/image/20191114121201.thumb.700_0.jpeg', '0');
INSERT INTO `article` VALUES ('614', '数模77篇-77', '30', '2019-11-27 18:36:47', '这是数模第77篇。全球排名第77名的数模论文！！！', '1', '79', '0', '0', '1', '614', null, 'http://39.105.136.112/image/20191114121201.thumb.700_0.jpeg', '0');
INSERT INTO `article` VALUES ('615', '数模78篇-78', '25', '2019-11-27 18:36:47', '这是数模第78篇。全球排名第78名的数模论文！！！', '1', '80', '0', '0', '1', '615', null, 'http://39.105.136.112/image/20191114121201.thumb.700_0.jpeg', '0');
INSERT INTO `article` VALUES ('616', '数模79篇-79', '26', '2019-11-27 18:36:48', '这是数模第79篇。全球排名第79名的数模论文！！！', '1', '79', '0', '0', '1', '616', null, 'http://39.105.136.112/image/20191114121201.thumb.700_0.jpeg', '0');
INSERT INTO `article` VALUES ('617', '数模80篇-80', '27', '2019-11-27 18:36:48', '这是数模第80篇。全球排名第80名的数模论文！！！', '1', '80', '0', '0', '1', '617', null, 'http://39.105.136.112/image/20191114121201.thumb.700_0.jpeg', '0');
INSERT INTO `article` VALUES ('618', '数模81篇-81', '28', '2019-11-27 18:36:48', '这是数模第81篇。全球排名第81名的数模论文！！！', '1', '345', '81', '1', '1', '99999', null, 'http://39.105.136.112/image/20191114121201.thumb.700_0.jpeg', '1');
INSERT INTO `article` VALUES ('619', '数模82篇-82', '29', '2019-11-27 18:36:48', '这是数模第82篇。全球排名第82名的数模论文！！！', '1', '82', '0', '0', '1', '619', null, 'http://39.105.136.112/image/20191114121201.thumb.700_0.jpeg', '0');
INSERT INTO `article` VALUES ('620', '数模83篇-83', '30', '2019-11-27 18:36:49', '这是数模第83篇。全球排名第83名的数模论文！！！', '1', '83', '0', '0', '1', '620', null, 'http://39.105.136.112/image/20191114121201.thumb.700_0.jpeg', '0');
INSERT INTO `article` VALUES ('621', '数模84篇-84', '25', '2019-11-27 18:36:49', '这是数模第84篇。全球排名第84名的数模论文！！！', '1', '84', '0', '0', '1', '621', null, 'http://39.105.136.112/image/20191114121201.thumb.700_0.jpeg', '0');
INSERT INTO `article` VALUES ('622', '数模85篇-85', '26', '2019-11-27 18:36:49', '这是数模第85篇。全球排名第85名的数模论文！！！', '1', '85', '0', '0', '1', '622', null, 'http://39.105.136.112/image/20191114121201.thumb.700_0.jpeg', '0');
INSERT INTO `article` VALUES ('623', '数模86篇-86', '27', '2019-11-27 18:36:50', '这是数模第86篇。全球排名第86名的数模论文！！！', '1', '86', '0', '0', '1', '623', null, 'http://39.105.136.112/image/20191114121201.thumb.700_0.jpeg', '0');
INSERT INTO `article` VALUES ('624', '数模87篇-87', '28', '2019-11-27 18:36:50', '这是数模第87篇。全球排名第87名的数模论文！！！', '1', '87', '0', '0', '1', '624', null, 'http://39.105.136.112/image/20191114121201.thumb.700_0.jpeg', '0');
INSERT INTO `article` VALUES ('625', '数模88篇-88', '29', '2019-11-27 18:36:51', '这是数模第88篇。全球排名第88名的数模论文！！！', '1', '88', '0', '0', '1', '625', null, 'http://39.105.136.112/image/20191114121201.thumb.700_0.jpeg', '0');
INSERT INTO `article` VALUES ('626', '数模89篇-89', '30', '2019-11-27 18:36:51', '这是数模第89篇。全球排名第89名的数模论文！！！', '1', '89', '0', '0', '1', '626', null, 'http://39.105.136.112/image/20191114121201.thumb.700_0.jpeg', '0');
INSERT INTO `article` VALUES ('627', '数模90篇-90', '25', '2019-11-27 18:36:52', '这是数模第90篇。全球排名第90名的数模论文！！！', '1', '90', '0', '0', '1', '627', null, 'http://39.105.136.112/image/20191114121201.thumb.700_0.jpeg', '0');
INSERT INTO `article` VALUES ('628', '数模91篇-91', '26', '2019-11-27 18:36:52', '这是数模第91篇。全球排名第91名的数模论文！！！', '1', '92', '0', '0', '1', '628', null, 'http://39.105.136.112/image/20191114121201.thumb.700_0.jpeg', '0');
INSERT INTO `article` VALUES ('629', '数模92篇-92', '27', '2019-11-27 18:36:53', '这是数模第92篇。全球排名第92名的数模论文！！！', '1', '92', '0', '0', '1', '629', null, 'http://39.105.136.112/image/20191114121201.thumb.700_0.jpeg', '0');
INSERT INTO `article` VALUES ('630', '数模93篇-93', '28', '2019-11-27 18:36:53', '这是数模第93篇。全球排名第93名的数模论文！！！', '1', '93', '0', '0', '1', '630', null, 'http://39.105.136.112/image/20191114121201.thumb.700_0.jpeg', '0');
INSERT INTO `article` VALUES ('631', '数模94篇-94', '29', '2019-11-27 18:36:54', '这是数模第94篇。全球排名第94名的数模论文！！！', '1', '94', '0', '0', '1', '631', null, 'http://39.105.136.112/image/20191114121201.thumb.700_0.jpeg', '0');
INSERT INTO `article` VALUES ('632', '数模95篇-95', '30', '2019-11-27 18:36:54', '这是数模第95篇。全球排名第95名的数模论文！！！', '1', '95', '0', '0', '1', '632', null, 'http://39.105.136.112/image/20191114121201.thumb.700_0.jpeg', '0');
INSERT INTO `article` VALUES ('633', '数模96篇-96', '25', '2019-11-27 18:36:54', '这是数模第96篇。全球排名第96名的数模论文！！！', '1', '96', '0', '0', '1', '633', null, 'http://39.105.136.112/image/20191114121201.thumb.700_0.jpeg', '0');
INSERT INTO `article` VALUES ('634', '数模97篇-97', '26', '2019-11-27 18:36:55', '这是数模第97篇。全球排名第97名的数模论文！！！', '1', '102', '0', '0', '1', '634', null, 'http://39.105.136.112/image/20191114121201.thumb.700_0.jpeg', '0');
INSERT INTO `article` VALUES ('635', '数模98篇-98', '27', '2019-11-27 18:36:55', '这是数模第98篇。全球排名第98名的数模论文！！！', '1', '98', '0', '0', '1', '635', null, 'http://39.105.136.112/image/20191114121201.thumb.700_0.jpeg', '0');
INSERT INTO `article` VALUES ('636', '数模99篇-99', '28', '2019-11-27 18:36:55', '这是数模第99篇。全球排名第99名的数模论文！！！', '1', '103', '0', '0', '1', '636', null, 'http://39.105.136.112/image/20191114121201.thumb.700_0.jpeg', '0');
INSERT INTO `article` VALUES ('637', '人避孕套try', '31', '2019-11-28 22:38:03', '申达股份而过', '2', '0', '0', '0', '1', '637', null, null, '0');
INSERT INTO `article` VALUES ('638', '犬瘟热', '31', '2019-11-28 23:09:28', '气味儿无若翁', '1', '0', '0', '0', '1', '638', null, null, '0');
INSERT INTO `article` VALUES ('639', '天行九歌', '31', '2019-11-29 17:07:45', '天行九歌', '2', '9', '3', '1', '1', '639', null, null, '0');
INSERT INTO `article` VALUES ('640', '123456', '31', '2019-11-30 12:18:53', '1234564987896543', '1', '1', '0', '0', '1', '640', null, null, '0');
INSERT INTO `article` VALUES ('641', '123123', '31', '2019-11-30 13:25:28', '123123', '2', '0', '0', '0', '1', '641', null, null, '0');
INSERT INTO `article` VALUES ('642', '123123123', '31', '2019-11-30 13:25:36', '123123123123', '2', '0', '0', '0', '1', '642', null, null, '0');
INSERT INTO `article` VALUES ('643', '121232312', '31', '2019-11-30 13:25:51', '12312312', '2', '0', '0', '0', '1', '643', null, null, '0');
INSERT INTO `article` VALUES ('644', '123123123123123213123123123123', '31', '2019-11-30 13:26:03', '123123123123121231231231231', '2', '0', '0', '0', '1', '644', null, null, '0');
INSERT INTO `article` VALUES ('645', '123123123123123213123', '31', '2019-11-30 13:26:12', '123123123123123', '1', '4', '1', '0', '1', '99999', null, null, '1');
INSERT INTO `article` VALUES ('646', '123123123123123', '31', '2019-11-30 13:26:20', '123123123123123123', '2', '0', '0', '0', '1', '646', null, null, '0');
INSERT INTO `article` VALUES ('647', '12312312312312312', '31', '2019-11-30 13:26:33', '12312312321', '2', '1', '0', '0', '1', '647', null, null, '0');
INSERT INTO `article` VALUES ('648', '他如果人头', '31', '2019-11-30 18:11:44', '输入个人<span style=\"font-weight: bold;\">二哥人头比人头他突然</span><br>', '2', '1', '0', '0', '1', '648', null, null, '0');
INSERT INTO `article` VALUES ('649', '玩儿UR一推是给我如女 ', '31', '2019-12-01 19:45:24', '认为如果让他为人体个人情感', '2', '3', '2', '0', '1', '649', null, null, '0');
INSERT INTO `article` VALUES ('650', 'yikuui', '31', '2019-12-01 20:47:33', 'yukui', '2', '1', '0', '0', '1', '99999', null, null, '1');
INSERT INTO `article` VALUES ('651', '温柔范儿', '32', '2019-12-02 20:04:51', '未发出未出', '2', '0', '0', '0', '1', '651', null, null, '0');

-- ----------------------------
-- Table structure for article_rank
-- ----------------------------
DROP TABLE IF EXISTS `article_rank`;
CREATE TABLE `article_rank` (
  `id` int(10) NOT NULL AUTO_INCREMENT,
  `art_id` bigint(20) NOT NULL,
  `rank_type` int(1) NOT NULL COMMENT '1.日榜 2.周榜 3.月榜',
  `rank_sort` int(5) NOT NULL COMMENT '优先顺序（10以内，越大越靠前）',
  PRIMARY KEY (`id`),
  KEY `index_type` (`rank_type`)
) ENGINE=InnoDB AUTO_INCREMENT=31 DEFAULT CHARSET=utf8mb4;

-- ----------------------------
-- Records of article_rank
-- ----------------------------
INSERT INTO `article_rank` VALUES ('16', '458', '1', '10');
INSERT INTO `article_rank` VALUES ('17', '470', '1', '9');
INSERT INTO `article_rank` VALUES ('18', '600', '1', '8');
INSERT INTO `article_rank` VALUES ('19', '500', '1', '7');
INSERT INTO `article_rank` VALUES ('20', '563', '1', '6');
INSERT INTO `article_rank` VALUES ('21', '600', '2', '8');
INSERT INTO `article_rank` VALUES ('22', '636', '2', '3');
INSERT INTO `article_rank` VALUES ('23', '478', '2', '3');
INSERT INTO `article_rank` VALUES ('24', '476', '2', '1');
INSERT INTO `article_rank` VALUES ('25', '588', '2', '5');
INSERT INTO `article_rank` VALUES ('26', '490', '3', '6');
INSERT INTO `article_rank` VALUES ('27', '530', '3', '2');
INSERT INTO `article_rank` VALUES ('28', '550', '3', '7');
INSERT INTO `article_rank` VALUES ('29', '440', '3', '9');
INSERT INTO `article_rank` VALUES ('30', '572', '3', '4');

-- ----------------------------
-- Table structure for comment
-- ----------------------------
DROP TABLE IF EXISTS `comment`;
CREATE TABLE `comment` (
  `id` bigint(20) NOT NULL AUTO_INCREMENT,
  `art_id` bigint(20) NOT NULL,
  `com_content` varchar(500) NOT NULL,
  `com_create` datetime NOT NULL,
  `com_author` bigint(20) NOT NULL,
  `com_like` int(10) NOT NULL DEFAULT '0',
  `com_author_name` varchar(32) NOT NULL,
  `rep_count` int(10) NOT NULL DEFAULT '0',
  `com_state` int(5) NOT NULL DEFAULT '1' COMMENT '1审核通过 0待审核 -1不通过',
  PRIMARY KEY (`id`),
  KEY `index_artid` (`art_id`),
  CONSTRAINT `fk_art` FOREIGN KEY (`art_id`) REFERENCES `article` (`id`)
) ENGINE=InnoDB AUTO_INCREMENT=84 DEFAULT CHARSET=utf8;

-- ----------------------------
-- Records of comment
-- ----------------------------
INSERT INTO `comment` VALUES ('52', '618', '这可真是个好文章啊', '2019-11-27 18:58:00', '25', '5', '张三', '7', '1');
INSERT INTO `comment` VALUES ('53', '618', '美丽美丽', '2019-11-28 22:27:59', '31', '0', 'xusm_6389410c', '10', '1');
INSERT INTO `comment` VALUES ('54', '618', '厉害厉害', '2019-11-28 22:56:08', '31', '0', 'xusm_6389410c', '5', '1');
INSERT INTO `comment` VALUES ('55', '639', '厉害', '2019-11-29 17:07:59', '31', '0', 'xusm_6389410c', '0', '1');
INSERT INTO `comment` VALUES ('56', '639', '666', '2019-11-29 17:08:08', '31', '0', 'xusm_6389410c', '0', '1');
INSERT INTO `comment` VALUES ('57', '618', '漂亮', '2019-11-29 17:15:53', '31', '0', 'xusm_6389410c', '0', '1');
INSERT INTO `comment` VALUES ('58', '618', 'okok', '2019-11-29 17:16:16', '31', '0', 'xusm_6389410c', '3', '1');
INSERT INTO `comment` VALUES ('59', '618', 'ooo', '2019-11-29 17:30:31', '31', '0', 'xusm_6389410c', '0', '1');
INSERT INTO `comment` VALUES ('60', '565', '666', '2019-11-29 19:28:37', '0', '1', '游客_66bf4c0b', '5', '1');
INSERT INTO `comment` VALUES ('61', '618', '123456', '2019-11-29 19:29:13', '31', '0', 'xusm_6389410c', '10', '1');
INSERT INTO `comment` VALUES ('62', '639', '好看好看', '2019-11-29 19:29:45', '31', '0', 'xusm_6389410c', '0', '1');
INSERT INTO `comment` VALUES ('63', '618', '123', '2019-11-30 17:44:57', '0', '0', '游客_d1edcc21', '23', '1');
INSERT INTO `comment` VALUES ('64', '645', '22=', '2019-11-30 20:17:59', '0', '0', '游客_bfcbef93', '0', '1');
INSERT INTO `comment` VALUES ('65', '649', '问问热', '2019-12-01 19:45:35', '31', '0', 'xusm_6389410c', '0', '1');
INSERT INTO `comment` VALUES ('66', '649', '而奋斗VR俄方', '2019-12-01 19:45:40', '31', '0', 'xusm_6389410c', '0', '1');
INSERT INTO `comment` VALUES ('67', '618', '儿童', '2019-12-01 20:14:12', '31', '0', 'xusm_6389410c', '2', '1');
INSERT INTO `comment` VALUES ('69', '618', '123', '2019-12-01 21:57:47', '31', '0', 'xusm_6389410c', '0', '1');
INSERT INTO `comment` VALUES ('70', '565', '23条23日34让42个', '2019-12-02 13:12:30', '0', '0', '游客_00a8e916', '0', '1');
INSERT INTO `comment` VALUES ('71', '481', '1额的翁', '2019-12-02 20:05:18', '32', '0', 'xusm_00a8e916', '0', '1');
INSERT INTO `comment` VALUES ('72', '481', '王企鹅多翁的无', '2019-12-02 20:05:23', '32', '0', 'xusm_00a8e916', '0', '1');
INSERT INTO `comment` VALUES ('73', '618', '轻微的翁', '2019-12-02 20:07:35', '32', '0', 'xusm_00a8e916', '0', '1');
INSERT INTO `comment` VALUES ('74', '618', '温热无若', '2019-12-02 20:08:38', '32', '0', 'xusm_00a8e916', '0', '1');
INSERT INTO `comment` VALUES ('75', '618', '突然是他GV他', '2019-12-02 20:08:47', '32', '0', 'xusm_00a8e916', '0', '1');
INSERT INTO `comment` VALUES ('76', '618', '12娿3娿', '2019-12-02 20:11:57', '32', '0', 'xusm_00a8e916', '0', '1');
INSERT INTO `comment` VALUES ('77', '618', '轻微的翁的若', '2019-12-02 20:12:06', '32', '0', 'xusm_00a8e916', '2', '1');
INSERT INTO `comment` VALUES ('78', '618', '违法的为人父', '2019-12-02 20:26:54', '32', '0', 'xusm_00a8e916', '0', '1');
INSERT INTO `comment` VALUES ('79', '618', '为单位', '2019-12-02 20:28:03', '32', '0', 'xusm_00a8e916', '0', '1');
INSERT INTO `comment` VALUES ('80', '618', '玩儿热股份热uvgerryferyf8re9 戹 ', '2019-12-02 20:28:17', '32', '0', 'xusm_00a8e916', '0', '1');
INSERT INTO `comment` VALUES ('81', '618', '额的翁的', '2019-12-02 20:31:25', '32', '0', 'xusm_00a8e916', '0', '1');
INSERT INTO `comment` VALUES ('82', '618', '我踩单车', '2019-12-02 20:32:43', '32', '0', 'xusm_00a8e916', '0', '1');
INSERT INTO `comment` VALUES ('83', '618', '其味无穷二多', '2019-12-02 20:48:29', '32', '0', 'xusm_00a8e916', '0', '1');

-- ----------------------------
-- Table structure for function
-- ----------------------------
DROP TABLE IF EXISTS `function`;
CREATE TABLE `function` (
  `fun_id` int(10) NOT NULL AUTO_INCREMENT,
  `fun_name` varchar(32) NOT NULL,
  `fun_state` int(5) NOT NULL DEFAULT '1',
  `fun_comment` varchar(255) NOT NULL,
  PRIMARY KEY (`fun_id`),
  KEY `index_fun_name` (`fun_name`)
) ENGINE=InnoDB AUTO_INCREMENT=7 DEFAULT CHARSET=utf8;

-- ----------------------------
-- Records of function
-- ----------------------------
INSERT INTO `function` VALUES ('4', '文章评论', '1', '1.开启 0.关闭');
INSERT INTO `function` VALUES ('5', '评论权限', '0', '1.登录用户  0.所有人');
INSERT INTO `function` VALUES ('6', '语言版本', '1', '1.中文  2.繁体中文  0.英文');

-- ----------------------------
-- Table structure for reply
-- ----------------------------
DROP TABLE IF EXISTS `reply`;
CREATE TABLE `reply` (
  `rep_id` bigint(20) NOT NULL AUTO_INCREMENT,
  `comment_id` bigint(20) NOT NULL,
  `rep_content` varchar(500) NOT NULL,
  `rep_create` datetime NOT NULL,
  `rep_author` bigint(20) NOT NULL,
  `rep_like` int(10) NOT NULL DEFAULT '0',
  `rep_author_name` varchar(32) NOT NULL,
  `rep_state` int(5) NOT NULL DEFAULT '1' COMMENT '1通过 0审核 -1不通过',
  `rep_type` int(5) NOT NULL DEFAULT '1' COMMENT '1.对评论回复 2.对回复进行回复',
  `to_rep_author` bigint(255) DEFAULT NULL COMMENT '若对回复进行回复时 对象的id',
  `to_rep_author_name` varchar(255) DEFAULT NULL COMMENT '若对回复进行回复时 对象的name',
  PRIMARY KEY (`rep_id`),
  KEY `index_comid` (`comment_id`),
  CONSTRAINT `fk_com` FOREIGN KEY (`comment_id`) REFERENCES `comment` (`id`)
) ENGINE=InnoDB AUTO_INCREMENT=101 DEFAULT CHARSET=utf8;

-- ----------------------------
-- Records of reply
-- ----------------------------
INSERT INTO `reply` VALUES ('14', '52', '张三兄你说的好啊', '2019-11-28 18:58:56', '26', '0', '李四', '1', '1', null, null);
INSERT INTO `reply` VALUES ('16', '52', '李四兄好厉害哦', '2019-11-29 19:00:41', '27', '0', '王五', '1', '2', '26', '李四');
INSERT INTO `reply` VALUES ('34', '53', '牛皮牛皮', '2019-11-30 15:02:12', '0', '0', '游客_ad9abd21', '1', '1', null, null);
INSERT INTO `reply` VALUES ('35', '53', '我是菜鸡菜鸡', '2019-11-30 22:06:13', '0', '0', '游客_f0ba9ba7', '1', '1', null, null);
INSERT INTO `reply` VALUES ('36', '53', '我是菜鸡菜鸡', '2019-11-30 22:06:25', '0', '0', '游客_f0ba9ba7', '1', '1', null, null);
INSERT INTO `reply` VALUES ('37', '53', '789456', '2019-11-30 22:11:31', '0', '0', '游客_f0ba9ba7', '1', '1', null, null);
INSERT INTO `reply` VALUES ('38', '53', '789456', '2019-11-30 22:11:40', '0', '0', '游客_f0ba9ba7', '1', '1', null, null);
INSERT INTO `reply` VALUES ('39', '53', '789456', '2019-11-30 22:13:45', '0', '0', '游客_f0ba9ba7', '1', '1', null, null);
INSERT INTO `reply` VALUES ('40', '53', '789456', '2019-11-30 22:13:53', '0', '0', '游客_f0ba9ba7', '1', '1', null, null);
INSERT INTO `reply` VALUES ('41', '54', '666', '2019-11-30 22:15:06', '31', '0', 'xusm_6389410c', '1', '1', null, null);
INSERT INTO `reply` VALUES ('42', '54', '熊皮', '2019-11-30 22:16:45', '31', '0', 'xusm_6389410c', '1', '1', null, null);
INSERT INTO `reply` VALUES ('43', '54', '熊皮', '2019-11-30 22:16:52', '31', '0', 'xusm_6389410c', '1', '1', null, null);
INSERT INTO `reply` VALUES ('44', '63', '456123', '2019-11-30 22:18:23', '31', '0', 'xusm_6389410c', '1', '1', null, null);
INSERT INTO `reply` VALUES ('45', '63', '456123', '2019-11-30 22:18:34', '31', '0', 'xusm_6389410c', '1', '1', null, null);
INSERT INTO `reply` VALUES ('46', '52', '789465', '2019-11-30 22:30:33', '31', '0', 'xusm_6389410c', '1', '1', null, null);
INSERT INTO `reply` VALUES ('47', '63', 'rtyyy', '2019-12-01 10:13:22', '0', '0', '游客_2455cabb', '1', '1', null, null);
INSERT INTO `reply` VALUES ('48', '63', 'qwe', '2019-12-01 10:13:30', '0', '0', '游客_2455cabb', '1', '1', null, null);
INSERT INTO `reply` VALUES ('49', '63', 'wewqef', '2019-12-01 10:13:50', '0', '0', '游客_2455cabb', '1', '1', null, null);
INSERT INTO `reply` VALUES ('50', '63', '123', '2019-12-01 10:14:02', '0', '0', '游客_2455cabb', '1', '1', null, null);
INSERT INTO `reply` VALUES ('51', '63', 'gss', '2019-12-01 10:14:14', '0', '0', '游客_2455cabb', '1', '1', null, null);
INSERT INTO `reply` VALUES ('52', '63', 'gss', '2019-12-01 10:14:21', '0', '0', '游客_2455cabb', '1', '1', null, null);
INSERT INTO `reply` VALUES ('53', '63', '4564656', '2019-12-01 10:14:41', '0', '0', '游客_2455cabb', '1', '1', null, null);
INSERT INTO `reply` VALUES ('54', '54', '犬瘟热', '2019-12-01 10:32:37', '0', '0', '游客_2455cabb', '1', '1', null, null);
INSERT INTO `reply` VALUES ('55', '52', '请问', '2019-12-01 10:38:56', '0', '0', '游客_2455cabb', '1', '1', null, null);
INSERT INTO `reply` VALUES ('56', '58', '九九', '2019-12-01 10:42:16', '31', '0', 'xusm_6389410c', '1', '1', null, null);
INSERT INTO `reply` VALUES ('57', '52', '666', '2019-12-01 10:47:30', '31', '0', 'xusm_6389410c', '1', '2', '31', 'xusm_6389410c');
INSERT INTO `reply` VALUES ('58', '54', '456123', '2019-12-01 10:48:06', '31', '0', 'xusm_6389410c', '1', '1', null, null);
INSERT INTO `reply` VALUES ('59', '58', '456123', '2019-12-01 10:49:15', '31', '0', 'xusm_6389410c', '1', '2', '31', 'xusm_6389410c');
INSERT INTO `reply` VALUES ('60', '58', '我易语言u   ', '2019-12-01 10:49:57', '31', '0', 'xusm_6389410c', '1', '2', '31', 'xusm_6389410c');
INSERT INTO `reply` VALUES ('61', '63', '周日', '2019-12-01 10:50:34', '31', '0', 'xusm_6389410c', '1', '2', '31', 'xusm_6389410c');
INSERT INTO `reply` VALUES ('62', '63', '38天放假', '2019-12-01 10:50:45', '31', '0', 'xusm_6389410c', '1', '2', '31', 'xusm_6389410c');
INSERT INTO `reply` VALUES ('63', '52', '可以啊，兄嘚', '2019-12-01 10:52:39', '31', '0', 'xusm_6389410c', '1', '2', '31', 'xusm_6389410c');
INSERT INTO `reply` VALUES ('64', '53', '同一人同一人', '2019-12-01 10:53:54', '31', '0', 'xusm_6389410c', '1', '1', null, null);
INSERT INTO `reply` VALUES ('65', '53', 'UI噢UIu', '2019-12-01 10:54:03', '31', '0', 'xusm_6389410c', '1', '2', '31', 'xusm_6389410c');
INSERT INTO `reply` VALUES ('66', '63', '486', '2019-12-01 19:49:01', '31', '0', 'xusm_6389410c', '1', '1', null, null);
INSERT INTO `reply` VALUES ('67', '61', '65857', '2019-12-01 19:49:14', '31', '0', 'xusm_6389410c', '1', '1', null, null);
INSERT INTO `reply` VALUES ('68', '61', '455', '2019-12-01 19:50:13', '31', '0', 'xusm_6389410c', '1', '1', null, null);
INSERT INTO `reply` VALUES ('69', '61', '45545555', '2019-12-01 19:50:17', '31', '0', 'xusm_6389410c', '1', '1', null, null);
INSERT INTO `reply` VALUES ('70', '63', '儿童', '2019-12-01 19:51:21', '31', '0', 'xusm_6389410c', '1', '2', '31', 'xusm_6389410c');
INSERT INTO `reply` VALUES ('71', '63', '123', '2019-12-01 19:54:43', '31', '0', 'xusm_6389410c', '1', '2', '31', 'xusm_6389410c');
INSERT INTO `reply` VALUES ('72', '63', '韦尔奇翁热', '2019-12-01 19:55:20', '31', '0', 'xusm_6389410c', '1', '2', '31', 'xusm_6389410c');
INSERT INTO `reply` VALUES ('73', '63', '123', '2019-12-01 19:56:45', '31', '0', 'xusm_6389410c', '1', '2', '31', 'xusm_6389410c');
INSERT INTO `reply` VALUES ('74', '63', '12312334规范4', '2019-12-01 19:56:51', '31', '0', 'xusm_6389410c', '1', '2', '31', 'xusm_6389410c');
INSERT INTO `reply` VALUES ('75', '61', '服务日冯夫人', '2019-12-01 19:57:06', '31', '0', 'xusm_6389410c', '1', '2', '31', 'xusm_6389410c');
INSERT INTO `reply` VALUES ('76', '61', '得我', '2019-12-01 19:58:53', '31', '0', 'xusm_6389410c', '1', '2', '31', 'xusm_6389410c');
INSERT INTO `reply` VALUES ('77', '63', '我偶偶', '2019-12-01 20:05:14', '31', '0', 'xusm_6389410c', '1', '2', '31', 'xusm_6389410c');
INSERT INTO `reply` VALUES ('78', '63', 'Yui', '2019-12-01 20:05:21', '31', '0', 'xusm_6389410c', '1', '2', '31', 'xusm_6389410c');
INSERT INTO `reply` VALUES ('79', '63', '一我一语 ', '2019-12-01 20:05:30', '31', '0', 'xusm_6389410c', '1', '2', '31', 'xusm_6389410c');
INSERT INTO `reply` VALUES ('80', '63', '3问题如', '2019-12-01 20:06:53', '31', '0', 'xusm_6389410c', '1', '2', '31', 'xusm_6389410c');
INSERT INTO `reply` VALUES ('81', '61', '人托管人提供', '2019-12-01 20:07:03', '31', '0', 'xusm_6389410c', '1', '2', '31', 'xusm_6389410c');
INSERT INTO `reply` VALUES ('82', '61', '玉桃园', '2019-12-01 20:08:13', '31', '0', 'xusm_6389410c', '1', '1', null, null);
INSERT INTO `reply` VALUES ('83', '61', '带个', '2019-12-01 20:08:19', '31', '0', 'xusm_6389410c', '1', '2', '31', 'xusm_6389410c');
INSERT INTO `reply` VALUES ('84', '60', '问问热发热', '2019-12-01 20:10:58', '31', '0', 'xusm_6389410c', '1', '1', null, null);
INSERT INTO `reply` VALUES ('85', '60', '而热女', '2019-12-01 20:11:02', '31', '0', 'xusm_6389410c', '1', '1', null, null);
INSERT INTO `reply` VALUES ('86', '61', 'erect', '2019-12-01 20:12:21', '31', '0', 'xusm_6389410c', '1', '1', null, null);
INSERT INTO `reply` VALUES ('87', '61', '问问退热贴', '2019-12-01 20:12:28', '31', '0', 'xusm_6389410c', '1', '1', null, null);
INSERT INTO `reply` VALUES ('88', '63', '123', '2019-12-01 20:14:02', '31', '0', 'xusm_6389410c', '1', '2', '31', 'xusm_6389410c');
INSERT INTO `reply` VALUES ('89', '63', '微软', '2019-12-01 20:14:07', '31', '0', 'xusm_6389410c', '1', '1', null, null);
INSERT INTO `reply` VALUES ('90', '67', '二', '2019-12-01 20:14:17', '31', '0', 'xusm_6389410c', '1', '1', null, null);
INSERT INTO `reply` VALUES ('91', '67', '儿童额', '2019-12-01 20:14:22', '31', '0', 'xusm_6389410c', '1', '2', '31', 'xusm_6389410c');
INSERT INTO `reply` VALUES ('92', '60', '666', '2019-12-02 13:11:51', '0', '0', '游客_00a8e916', '1', '2', '31', 'xusm_6389410c');
INSERT INTO `reply` VALUES ('93', '60', '555', '2019-12-02 13:12:08', '0', '0', '游客_00a8e916', '1', '1', null, null);
INSERT INTO `reply` VALUES ('94', '60', '555', '2019-12-02 13:12:18', '0', '0', '游客_00a8e916', '1', '1', null, null);
INSERT INTO `reply` VALUES ('95', '52', '嗯呐', '2019-12-02 17:25:35', '32', '0', 'xusm_00a8e916', '1', '2', '31', 'xusm_6389410c');
INSERT INTO `reply` VALUES ('96', '53', '头葛根汤', '2019-12-02 17:28:46', '32', '0', 'xusm_00a8e916', '1', '1', null, null);
INSERT INTO `reply` VALUES ('99', '77', '去玩儿无', '2019-12-02 20:13:52', '32', '0', 'xusm_00a8e916', '1', '1', null, null);
INSERT INTO `reply` VALUES ('100', '77', 'qedwed', '2019-12-02 20:50:44', '32', '0', 'xusm_00a8e916', '1', '2', '32', 'xusm_00a8e916');

-- ----------------------------
-- Table structure for source
-- ----------------------------
DROP TABLE IF EXISTS `source`;
CREATE TABLE `source` (
  `source_id` bigint(20) NOT NULL AUTO_INCREMENT,
  `source_title` varchar(255) NOT NULL,
  `source_create` datetime NOT NULL,
  `source_click` int(20) NOT NULL DEFAULT '0',
  `pay` tinyint(1) NOT NULL DEFAULT '0' COMMENT '1付费 2免费',
  `price` bigint(20) NOT NULL DEFAULT '0' COMMENT '价格 单位分',
  `author` bigint(20) NOT NULL,
  `author_name` varchar(255) NOT NULL,
  PRIMARY KEY (`source_id`)
) ENGINE=InnoDB AUTO_INCREMENT=7 DEFAULT CHARSET=utf8;

-- ----------------------------
-- Records of source
-- ----------------------------
INSERT INTO `source` VALUES ('4', '数模教程:如何写好竞赛论文', '2019-11-20 18:41:32', '10', '0', '0', '1', '管理员小强');
INSERT INTO `source` VALUES ('5', 'MATLAB安装教程', '2019-11-27 18:43:01', '98', '0', '0', '2', '校长');
INSERT INTO `source` VALUES ('6', 'LINGO从入门到精通', '2019-10-01 18:43:23', '1', '0', '0', '3', '周树人');

-- ----------------------------
-- Table structure for source_detail
-- ----------------------------
DROP TABLE IF EXISTS `source_detail`;
CREATE TABLE `source_detail` (
  `id` bigint(20) NOT NULL AUTO_INCREMENT,
  `source_id` bigint(20) NOT NULL,
  `baiduyun` varchar(255) NOT NULL,
  `code` varchar(10) NOT NULL,
  `github` varchar(255) DEFAULT NULL,
  PRIMARY KEY (`id`),
  KEY `index_source_id` (`source_id`),
  CONSTRAINT `fk_source_id` FOREIGN KEY (`source_id`) REFERENCES `source` (`source_id`)
) ENGINE=InnoDB AUTO_INCREMENT=12 DEFAULT CHARSET=utf8;

-- ----------------------------
-- Records of source_detail
-- ----------------------------
INSERT INTO `source_detail` VALUES ('4', '4', 'http://baiduyun.com/1', '12345', 'http://github.com/1');
INSERT INTO `source_detail` VALUES ('10', '5', 'http://baiduyun.com/2', '34563', 'http://github.com/2');
INSERT INTO `source_detail` VALUES ('11', '6', 'http://baiduyun.com/3', '65673', 'http://github.com/3');

-- ----------------------------
-- Table structure for user_detail
-- ----------------------------
DROP TABLE IF EXISTS `user_detail`;
CREATE TABLE `user_detail` (
  `user_id` bigint(20) NOT NULL,
  `username` varchar(32) DEFAULT NULL,
  `realname` varchar(32) DEFAULT NULL,
  `phone` varchar(11) DEFAULT NULL,
  `birth` datetime DEFAULT NULL,
  `college` varchar(32) DEFAULT NULL,
  `profession` varchar(32) DEFAULT NULL,
  `email` varchar(32) DEFAULT NULL,
  `hobby` varchar(32) DEFAULT NULL,
  `head` varchar(255) DEFAULT NULL,
  PRIMARY KEY (`user_id`),
  CONSTRAINT `uid` FOREIGN KEY (`user_id`) REFERENCES `user_info` (`id`)
) ENGINE=InnoDB DEFAULT CHARSET=utf8;

-- ----------------------------
-- Records of user_detail
-- ----------------------------
INSERT INTO `user_detail` VALUES ('25', '张三', null, '15389093292', null, null, null, null, null, 'http://39.105.136.112/image/20191129030822.jpeg');
INSERT INTO `user_detail` VALUES ('26', '李四', null, '15389093293', null, null, null, null, null, 'http://39.105.136.112/image/20191129030822.jpeg');
INSERT INTO `user_detail` VALUES ('27', '王五', null, '15389093294', null, null, null, null, null, 'http://39.105.136.112/image/20191129030822.jpeg');
INSERT INTO `user_detail` VALUES ('28', '赵六', null, '15389093295', null, null, null, null, null, 'http://39.105.136.112/image/20191129030822.jpeg');
INSERT INTO `user_detail` VALUES ('29', '老七', null, '15389093296', null, null, null, null, null, 'http://39.105.136.112/image/20191129030822.jpeg');
INSERT INTO `user_detail` VALUES ('30', '小八', null, '15389093297', null, null, null, null, null, 'http://39.105.136.112/image/20191129030822.jpeg');
INSERT INTO `user_detail` VALUES ('31', 'xusm_6389410c', '苗忠', '13299013401', '2019-11-07 00:00:00', '通院', '武装部', '19898298@qq.com', '瓜子', 'http://39.105.136.112/image/20191202081709.jpg');
INSERT INTO `user_detail` VALUES ('32', 'xusm_00a8e916', '超', '15702993552', '2019-12-19 00:00:00', '', '', '', '', 'http://39.105.136.112/image/20191202095930.gif');

-- ----------------------------
-- Table structure for user_info
-- ----------------------------
DROP TABLE IF EXISTS `user_info`;
CREATE TABLE `user_info` (
  `id` bigint(20) NOT NULL AUTO_INCREMENT,
  `phone` varchar(11) NOT NULL,
  `password` varchar(32) NOT NULL,
  `created` datetime NOT NULL,
  `salt` varchar(32) NOT NULL,
  PRIMARY KEY (`id`)
) ENGINE=InnoDB AUTO_INCREMENT=34 DEFAULT CHARSET=utf8;

-- ----------------------------
-- Records of user_info
-- ----------------------------
INSERT INTO `user_info` VALUES ('25', '15389093292', '9dfb801ed00c2a34cfae6aa7d12e3ead', '2019-11-27 18:21:08', 'b40da4d6019b440bb4dd8fbd1461878f');
INSERT INTO `user_info` VALUES ('26', '15389093293', 'd57d1b4b14aa1a6080f5f736805e5671', '2019-11-27 18:22:23', '8618faaa59364af6830d44cc14a85b07');
INSERT INTO `user_info` VALUES ('27', '15389093294', '1c82ac318820b0f6af3242a3dc7ffb39', '2019-11-27 18:22:24', 'a84e1918a9944ab7bef1ed6a78f17cc8');
INSERT INTO `user_info` VALUES ('28', '15389093295', '11b760f8d0b02b7c6c1ccd7e7db646d5', '2019-11-27 18:22:25', '6b9c098545be4af885f27d296bbfdfad');
INSERT INTO `user_info` VALUES ('29', '15389093296', 'cecea7574b39c4957ac5156e021a0d57', '2019-11-27 18:22:25', '487958c344f643f8b398313177bfe083');
INSERT INTO `user_info` VALUES ('30', '15389093297', 'cb8e5df4e1e2a17347f65ac392dbe623', '2019-11-27 18:25:18', '0e55ce72197a4cbb93310789f23835f0');
INSERT INTO `user_info` VALUES ('31', '13299013401', '004da36c574fcfedfc92d607893f0d1f', '2019-11-28 14:10:44', '404c0d5fbe38436e874ad1ae03dc479f');
INSERT INTO `user_info` VALUES ('32', '15702993552', 'dcf305dd62a0699caca27b5ff6d948f6', '2019-12-02 13:21:53', '754deb7ae9334d49ae953f60f1ed67cb');

-- ----------------------------
-- Table structure for website
-- ----------------------------
DROP TABLE IF EXISTS `website`;
CREATE TABLE `website` (
  `web_id` bigint(20) NOT NULL AUTO_INCREMENT,
  `web_pv` int(32) NOT NULL DEFAULT '0',
  `web_uv` int(32) NOT NULL DEFAULT '0',
  `web_ip` int(32) NOT NULL DEFAULT '0',
  `schedule` datetime NOT NULL,
  `web_sm` int(20) NOT NULL DEFAULT '0',
  `web_js` int(20) NOT NULL DEFAULT '0',
  `web_info` int(20) NOT NULL DEFAULT '0',
  `web_login` int(20) NOT NULL DEFAULT '0',
  `web_register` int(20) NOT NULL DEFAULT '0',
  `web_source` int(20) NOT NULL DEFAULT '0',
  PRIMARY KEY (`web_id`),
  KEY `index_schedule` (`schedule`)
) ENGINE=InnoDB AUTO_INCREMENT=6 DEFAULT CHARSET=utf8;

-- ----------------------------
-- Records of website
-- ----------------------------
INSERT INTO `website` VALUES ('1', '1173', '198', '64', '2019-11-28 00:00:00', '778', '170', '21', '18', '1', '9');
INSERT INTO `website` VALUES ('2', '1074', '104', '61', '2019-11-29 00:00:00', '169', '99', '115', '38', '0', '16');
INSERT INTO `website` VALUES ('3', '1764', '178', '63', '2019-11-30 00:00:00', '781', '226', '16', '16', '0', '12');
INSERT INTO `website` VALUES ('4', '1124', '109', '56', '2019-12-01 00:00:00', '535', '113', '44', '10', '0', '3');
INSERT INTO `website` VALUES ('5', '1212', '128', '63', '2019-12-02 00:00:00', '546', '91', '85', '16', '7', '0');

-- ----------------------------
-- Table structure for website_detail
-- ----------------------------
DROP TABLE IF EXISTS `website_detail`;
CREATE TABLE `website_detail` (
  `id` bigint(20) NOT NULL AUTO_INCREMENT,
  `schedule` datetime NOT NULL,
  `pv` varchar(255) NOT NULL DEFAULT '',
  `uv` varchar(255) NOT NULL,
  `ip` varchar(255) NOT NULL,
  PRIMARY KEY (`id`),
  KEY `fk_schedule` (`schedule`)
) ENGINE=InnoDB AUTO_INCREMENT=6 DEFAULT CHARSET=utf8;

-- ----------------------------
-- Records of website_detail
-- ----------------------------
INSERT INTO `website_detail` VALUES ('1', '2019-11-28 00:00:00', '{\"13\":\"9\",\"14\":\"128\",\"15\":\"468\",\"16\":\"117\",\"17\":\"117\",\"18\":\"118\",\"21\":\"9\",\"22\":\"168\",\"23\":\"39\"}', '{\"00\":\"3\",\"01\":\"15\",\"02\":\"4\",\"03\":\"15\",\"04\":\"5\",\"05\":\"6\",\"06\":\"7\",\"07\":\"4\",\"08\":\"5\",\"09\":\"4\",\"10\":\"38\",\"11\":\"1\",\"12\":\"2\",\"13\":\"6\",\"14\":\"1\",\"15\":\"4\",\"16\":\"4\",\"17\":\"10\",\"18\":\"19\",\"19\":\"4\",\"20\":\"2\",\"21\":\"6\",\"22\":\"22\",\"23\":\"11\"}', '{\"00\":\"3\",\"01\":\"6\",\"02\":\"3\",\"03\":\"3\",\"04\":\"3\",\"05\":\"4\",\"06\":\"5\",\"07\":\"2\",\"08\":\"4\",\"09\":\"4\",\"10\":\"5\",\"11\":\"1\",\"12\":\"2\",\"13\":\"1\",\"14\":\"1\",\"15\":\"1\",\"18\":\"3\",\"19\":\"2\",\"20\":\"1\",\"21\":\"3\",\"22\":\"5\",\"23\":\"2\"}');
INSERT INTO `website_detail` VALUES ('2', '2019-11-29 00:00:00', '{\"23\":\"7\",\"00\":\"52\",\"14\":\"140\",\"15\":\"95\",\"16\":\"80\",\"17\":\"128\",\"18\":\"58\",\"19\":\"116\",\"20\":\"79\",\"21\":\"217\",\"22\":\"103\"}', '{\"23\":\"10\",\"00\":\"7\",\"01\":\"5\",\"02\":\"6\",\"03\":\"7\",\"04\":\"10\",\"05\":\"7\",\"06\":\"1\",\"07\":\"1\",\"08\":\"4\",\"09\":\"4\",\"10\":\"5\",\"11\":\"5\",\"12\":\"1\",\"13\":\"2\",\"14\":\"5\",\"15\":\"7\",\"16\":\"3\",\"17\":\"1\",\"18\":\"2\",\"19\":\"2\",\"20\":\"3\",\"21\":\"3\",\"22\":\"3\"}', '{\"23\":\"6\",\"00\":\"3\",\"01\":\"4\",\"02\":\"4\",\"03\":\"5\",\"04\":\"4\",\"05\":\"5\",\"06\":\"1\",\"08\":\"3\",\"09\":\"1\",\"10\":\"3\",\"11\":\"2\",\"13\":\"1\",\"14\":\"4\",\"15\":\"3\",\"16\":\"2\",\"17\":\"2\",\"18\":\"2\",\"20\":\"2\",\"21\":\"1\",\"22\":\"3\"}');
INSERT INTO `website_detail` VALUES ('3', '2019-11-30 00:00:00', '{\"09\":\"89\",\"10\":\"114\",\"11\":\"76\",\"12\":\"30\",\"13\":\"109\",\"14\":\"93\",\"15\":\"124\",\"16\":\"66\",\"17\":\"71\",\"18\":\"147\",\"19\":\"659\",\"20\":\"102\",\"21\":\"3\",\"22\":\"44\",\"23\":\"38\"}', '{\"00\":\"6\",\"01\":\"13\",\"02\":\"6\",\"03\":\"2\",\"04\":\"11\",\"05\":\"4\",\"06\":\"8\",\"07\":\"6\",\"08\":\"3\",\"09\":\"17\",\"10\":\"7\",\"11\":\"5\",\"12\":\"3\",\"13\":\"4\",\"14\":\"17\",\"15\":\"16\",\"16\":\"10\",\"17\":\"3\",\"18\":\"9\",\"19\":\"7\",\"20\":\"4\",\"22\":\"2\",\"23\":\"15\"}', '{\"00\":\"3\",\"01\":\"1\",\"02\":\"2\",\"04\":\"1\",\"05\":\"1\",\"06\":\"2\",\"07\":\"5\",\"08\":\"3\",\"09\":\"4\",\"10\":\"3\",\"11\":\"4\",\"12\":\"2\",\"13\":\"3\",\"14\":\"7\",\"15\":\"7\",\"16\":\"2\",\"17\":\"1\",\"18\":\"4\",\"19\":\"3\",\"20\":\"2\",\"22\":\"2\",\"23\":\"1\"}');
INSERT INTO `website_detail` VALUES ('4', '2019-12-01 00:00:00', '{\"09\":\"16\",\"10\":\"60\",\"14\":\"117\",\"15\":\"191\",\"16\":\"147\",\"19\":\"36\",\"20\":\"185\",\"21\":\"322\",\"22\":\"50\"}', '{\"00\":\"3\",\"01\":\"1\",\"02\":\"5\",\"03\":\"1\",\"04\":\"1\",\"06\":\"1\",\"07\":\"2\",\"08\":\"4\",\"09\":\"2\",\"10\":\"4\",\"11\":\"1\",\"12\":\"14\",\"13\":\"3\",\"14\":\"10\",\"15\":\"10\",\"16\":\"4\",\"17\":\"8\",\"18\":\"3\",\"19\":\"3\",\"20\":\"9\",\"21\":\"9\",\"22\":\"6\",\"23\":\"5\"}', '{\"00\":\"2\",\"01\":\"1\",\"02\":\"2\",\"03\":\"1\",\"04\":\"1\",\"06\":\"1\",\"07\":\"2\",\"08\":\"4\",\"09\":\"1\",\"10\":\"1\",\"11\":\"1\",\"12\":\"4\",\"13\":\"2\",\"14\":\"4\",\"15\":\"4\",\"16\":\"4\",\"17\":\"3\",\"18\":\"3\",\"19\":\"1\",\"20\":\"5\",\"21\":\"2\",\"22\":\"3\",\"23\":\"4\"}');
INSERT INTO `website_detail` VALUES ('5', '2019-12-02 00:00:00', '{\"13\":\"83\",\"16\":\"52\",\"17\":\"201\",\"18\":\"48\",\"19\":\"234\",\"20\":\"229\",\"21\":\"303\",\"22\":\"62\"}', '{\"00\":\"3\",\"01\":\"3\",\"02\":\"6\",\"03\":\"1\",\"04\":\"9\",\"05\":\"5\",\"06\":\"9\",\"07\":\"6\",\"08\":\"15\",\"09\":\"2\",\"10\":\"8\",\"12\":\"4\",\"13\":\"8\",\"15\":\"7\",\"17\":\"10\",\"18\":\"2\",\"19\":\"5\",\"20\":\"8\",\"21\":\"6\",\"22\":\"4\",\"23\":\"7\"}', '{\"00\":\"3\",\"01\":\"2\",\"02\":\"3\",\"03\":\"1\",\"04\":\"4\",\"05\":\"2\",\"06\":\"5\",\"07\":\"2\",\"08\":\"4\",\"09\":\"2\",\"10\":\"3\",\"12\":\"3\",\"13\":\"5\",\"15\":\"3\",\"16\":\"1\",\"17\":\"3\",\"19\":\"5\",\"20\":\"7\",\"21\":\"5\",\"23\":\"1\"}');
